Div,Date,Time,HomeTeam,AwayTeam,FTHG,FTAG,FTR,HTHG,HTAG,HTR,HxG,AxG,HS,AS,HST,AST,HF,AF,HC,AC,HY,AY,HR,AR,B365H,B365D,B365A,BFDH,BFDD,BFDA,BVH,BVD,BVA,BWH,BWD,BWA,PPH,PPD,PPA,SKBH,SKBD,SKBA,MaxH,MaxD,MaxA,AvgH,AvgD,AvgA,BFEH,BFED,BFEA,B365>2.5,B365<2.5,Max>2.5,Max<2.5,Avg>2.5,Avg<2.5,BFE>2.5,BFE<2.5,AHh,B365AHH,B365AHA,MaxAHH,MaxAHA,AvgAHH,AvgAHA,BFEAHH,BFEAHA,B365CH,B365CD,B365CA,BFDCH,BFDCD,BFDCA,BVCH,BVCD,BVCA,BWCH,BWCD,BWCA,PPCH,PPCD,PPCA,SKBCH,SKBCD,SKBCA,MaxCH,MaxCD,MaxCA,AvgCH,AvgCD,AvgCA,BFECH,BFECD,BFECA,B365C>2.5,B365C<2.5,MaxC>2.5,MaxC<2.5,AvgC>2.5,AvgC<2.5,BFEC>2.5,BFEC<2.5,AHCh,B365CAHH,B365CAHA,MaxCAHH,MaxCAHA,AvgCAHH,AvgCAHA,BFECAHH,BFECAHA,home_xg,away_xg,xg_source
SP1,15/08/2026,18:30,Alaves,Getafe,3.0,0.0,H,0.0,0.0,D,1.93,0.24,18.0,6.0,8.0,2.0,16.0,13.0,5.0,3.0,4.0,3.0,0.0,1.0,2.35,2.8,3.75,2.38,2.8,3.6,2.3,2.88,3.6,2.3,2.9,3.5,2.3,2.75,3.75,2.3,2.75,3.75,2.4,2.9,3.8,2.33,2.82,3.62,2.42,2.92,4.0,3.2,1.36,3.2,1.4,3.08,1.35,3.4,1.4,-0.25,1.98,1.88,1.98,1.88,1.92,1.83,2.0,1.96,2.35,2.7,3.8,2.3,2.8,3.75,2.38,2.8,3.6,2.25,2.75,3.9,2.25,2.7,3.8,2.25,2.8,3.8,2.4,2.88,4.0,2.32,2.76,3.75,2.38,2.88,4.2,3.75,1.29,3.75,1.4,3.32,1.32,3.6,1.37,-0.25,1.98,1.88,1.98,1.9,1.91,1.83,1.96,2.01,2.28581,0.259705,understat
SP1,15/08/2026,20:30,Sevilla,Vallecano,2.0,1.0,H,0.0,1.0,A,2.19,1.89,13.0,6.0,4.0,3.0,18.0,18.0,1.0,2.0,4.0,4.0,1.0,0.0,2.3,3.1,3.4,2.3,3.25,3.2,2.3,3.2,3.25,2.25,3.2,3.25,2.3,3.0,3.3,2.3,3.0,3.3,2.38,3.25,3.4,2.29,3.17,3.26,2.42,3.25,3.5,2.3,1.62,2.3,1.64,2.24,1.61,2.38,1.7,-0.25,1.98,1.88,1.98,1.88,1.92,1.83,2.04,1.92,2.4,2.9,3.4,2.5,2.88,3.2,2.4,3.1,3.2,2.45,2.95,3.25,2.5,2.8,3.2,2.5,2.88,3.2,2.66,3.1,3.4,2.49,2.92,3.19,2.66,3.05,3.3,2.75,1.44,2.75,1.54,2.53,1.5,2.74,1.57,0.0,1.6,2.3,1.73,2.3,1.65,2.15,1.84,2.18,2.01841,1.91219,understat
SP1,16/08/2026,16:00,Santander,Villarreal,2.0,2.0,D,2.0,2.0,D,1.87,0.66,17.0,12.0,3.0,7.0,14.0,14.0,6.0,10.0,2.0,4.0,0.0,0.0,3.2,3.6,2.15,3.2,3.6,2.15,3.1,3.4,2.1,3.1,3.5,2.2,3.1,3.4,2.15,3.1,3.4,2.2,3.25,3.6,2.25,3.14,3.5,2.16,3.4,3.6,2.28,1.8,2.0,1.8,2.05,1.77,1.98,1.84,2.16,0.25,1.98,1.88,1.98,1.88,1.9,1.84,1.99,1.96,3.9,3.75,1.9,3.5,4.0,1.95,3.75,3.7,1.93,3.6,3.8,1.9,3.7,3.6,1.91,3.75,3.75,1.91,3.9,4.0,2.0,3.69,3.77,1.92,3.9,3.85,2.04,1.57,2.38,1.6,2.63,1.52,2.47,1.58,2.68,0.5,1.93,1.93,1.93,1.93,1.86,1.88,1.94,2.04,1.96477,0.768799,understat
SP1,16/08/2026,18:00,Espanol,Levante,3.0,0.0,H,2.0,0.0,H,1.56,0.28,16.0,4.0,6.0,0.0,17.0,7.0,0.0,1.0,3.0,0.0,0.0,0.0,2.0,3.25,4.0,2.1,3.3,3.6,2.0,3.2,3.6,2.1,3.25,3.6,2.05,3.25,3.6,2.05,3.25,3.6,2.1,3.35,4.0,2.06,3.25,3.68,2.14,3.3,4.0,2.2,1.67,2.2,1.67,2.18,1.64,2.34,1.7,-0.25,1.7,2.1,1.78,2.1,1.72,2.03,1.82,2.16,2.1,3.2,3.8,2.1,3.3,3.6,2.1,3.2,3.8,2.1,3.25,3.6,2.05,3.2,3.75,2.05,3.3,3.75,2.16,3.3,3.8,2.1,3.23,3.71,2.18,3.4,4.0,2.2,1.67,2.2,1.73,2.13,1.68,2.24,1.79,-0.5,2.08,1.73,2.08,1.73,2.04,1.71,2.18,1.83,2.0099,0.196262,understat
SP1,17/08/2026,20:00,La Coruna,Elche,1.0,1.0,D,1.0,0.0,H,0.34,1.41,8.0,11.0,3.0,6.0,17.0,12.0,2.0,6.0,2.0,2.0,0.0,0.0,2.3,3.0,3.5,2.3,3.1,3.3,2.25,3.0,3.1,2.37,3.1,3.1,2.25,2.9,3.4,2.3,2.9,3.4,2.38,3.1,3.5,2.31,3.01,3.28,2.42,3.1,3.6,2.3,1.62,2.3,1.62,2.27,1.59,2.44,1.65,-0.25,2.03,1.83,2.03,1.83,1.94,1.8,2.03,1.93,2.15,3.2,3.6,2.25,3.2,3.4,2.15,3.25,3.5,2.2,3.1,3.7,2.15,3.0,3.7,2.15,3.1,3.7,2.26,3.25,3.7,2.19,3.15,3.53,2.28,3.2,3.95,2.3,1.62,2.3,1.67,2.25,1.61,2.4,1.7,-0.25,2.03,1.83,2.03,1.93,1.86,1.89,1.92,2.07,0.33987,1.58691,understat
SP1,19/08/2026,20:00,Ath Madrid,Malaga,2.0,0.0,H,0.0,0.0,D,0.93,0.15,15.0,5.0,6.0,1.0,17.0,11.0,6.0,1.0,2.0,3.0,0.0,0.0,1.33,5.25,9.5,1.29,5.5,11.0,1.29,5.25,11.0,1.31,5.25,10.5,1.29,5.0,10.0,1.29,5.25,10.0,1.33,5.5,11.5,1.3,5.27,10.19,1.35,5.6,11.5,1.73,2.1,1.75,2.15,1.71,2.06,1.84,2.16,-1.5,1.98,1.88,1.98,1.91,1.87,1.87,2.0,1.94,1.45,4.6,7.0,1.5,4.5,6.5,1.44,4.6,7.0,1.46,4.6,6.5,1.44,4.4,6.5,1.44,4.5,6.5,1.5,4.6,7.0,1.46,4.51,6.53,1.51,4.8,7.4,1.67,2.2,1.67,2.3,1.63,2.22,1.72,2.38,-1.25,2.03,1.83,2.03,1.83,1.96,1.79,2.1,1.9,1.34391,0.229576,understat
SP1,20/08/2026,20:00,Vallecano,Alaves,1.0,1.0,D,0.0,0.0,D,0.42,2.0,8.0,15.0,3.0,3.0,14.0,13.0,9.0,7.0,1.0,2.0,0.0,0.0,2.25,3.0,3.6,2.25,3.1,3.5,2.2,2.9,3.4,2.25,3.0,3.5,2.15,2.88,3.7,2.2,2.9,3.75,2.3,3.15,3.75,2.23,2.99,3.52,2.3,3.1,3.95,2.75,1.44,2.75,1.5,2.63,1.45,2.76,1.52,-0.25,1.93,1.93,1.93,1.93,1.87,1.88,1.93,2.05,2.45,3.2,3.1,2.4,3.1,3.1,2.38,3.2,3.1,2.45,2.95,3.1,2.4,2.9,3.1,2.4,3.0,3.1,2.5,3.2,3.25,2.42,3.07,3.07,2.56,3.15,3.35,2.3,1.62,2.5,1.65,2.3,1.59,2.56,1.63,-0.25,2.1,1.78,2.1,1.78,2.02,1.74,2.17,1.84,0.566429,2.22075,understat
SP1,21/08/2026,20:00,Betis,Sociedad,1.0,0.0,H,0.0,0.0,D,1.24,1.36,18.0,9.0,7.0,3.0,9.0,12.0,4.0,5.0,3.0,3.0,0.0,0.0,2.05,3.5,3.5,2.1,3.6,3.3,2.05,3.6,3.5,2.05,3.6,3.5,2.0,3.4,3.6,2.0,3.5,3.6,2.12,3.6,3.6,2.05,3.51,3.48,2.14,3.6,3.9,1.8,2.0,1.85,2.0,1.79,1.96,1.88,2.1,-0.5,2.05,1.75,2.1,1.78,2.01,1.73,2.14,1.87,2.1,3.4,3.5,2.15,3.5,3.3,2.1,3.4,3.5,2.1,3.4,3.4,2.1,3.3,3.4,2.1,3.4,3.4,2.15,3.55,3.5,2.11,3.43,3.38,2.22,3.55,3.6,1.8,2.0,1.83,2.0,1.78,1.97,1.89,2.1,-0.25,1.85,2.0,1.85,2.0,1.79,1.95,1.91,2.07,1.69571,1.14003,understat
SP1,22/08/2026,16:00,Ath Bilbao,Sevilla,1.0,3.0,A,0.0,1.0,A,1.25,0.41,18.0,7.0,8.0,4.0,11.0,16.0,10.0,3.0,2.0,5.0,1.0,0.0,1.7,3.6,5.25,1.73,3.5,5.5,1.7,3.6,5.25,1.71,3.6,5.25,1.67,3.5,5.0,1.67,3.4,5.25,1.73,3.7,5.5,1.7,3.56,5.13,1.78,3.7,5.7,2.2,1.67,2.2,1.67,2.2,1.63,2.38,1.7,-0.75,1.98,1.88,1.98,1.88,1.91,1.84,2.02,1.94,1.75,3.6,5.0,1.8,3.6,4.6,1.73,3.6,5.0,1.75,3.6,4.8,1.73,3.4,5.0,1.73,3.6,5.0,1.8,3.6,5.0,1.75,3.57,4.79,1.82,3.65,5.4,2.1,1.73,2.15,1.73,2.1,1.69,2.3,1.75,-0.75,1.98,1.88,2.0,1.88,1.95,1.8,2.07,1.91,1.46496,0.966795,understat
SP1,22/08/2026,18:30,Valencia,Celta,0.0,0.0,D,0.0,0.0,D,0.58,0.66,8.0,7.0,2.0,3.0,17.0,17.0,1.0,2.0,2.0,3.0,0.0,0.0,2.35,3.2,3.2,2.3,3.3,3.2,2.38,3.2,3.1,2.35,3.2,3.1,2.25,3.3,3.2,2.25,3.25,3.1,2.38,3.3,3.25,2.33,3.21,3.13,2.46,3.35,3.35,2.2,1.67,2.2,1.67,2.2,1.63,2.34,1.71,-0.25,2.03,1.83,2.03,1.83,1.96,1.79,2.09,1.89,2.45,3.1,3.0,2.4,3.2,3.0,2.45,3.2,3.0,2.4,3.1,3.1,2.4,3.0,3.1,2.4,3.1,3.1,2.45,3.2,3.2,2.42,3.12,3.04,2.62,3.15,3.25,2.38,1.57,2.38,1.65,2.26,1.6,2.44,1.67,-0.25,2.1,1.78,2.1,1.8,2.03,1.74,2.19,1.83,0.420581,0.537309,understat
SP1,22/08/2026,20:30,Espanol,Real Madrid,1.0,2.0,A,1.0,1.0,D,1.05,2.7,8.0,21.0,3.0,8.0,19.0,7.0,0.0,8.0,5.0,1.0,0.0,0.0,7.0,4.5,1.44,7.5,4.6,1.4,7.5,4.75,1.4,7.0,4.75,1.43,7.5,4.5,1.4,7.5,4.5,1.4,8.2,4.8,1.44,7.36,4.59,1.41,8.4,4.9,1.46,1.73,2.1,1.73,2.2,1.68,2.11,1.78,2.24,1.25,1.88,1.98,1.9,1.98,1.84,1.91,1.92,2.02,7.5,5.0,1.4,7.5,5.0,1.4,8.0,5.0,1.36,7.25,4.8,1.41,7.5,4.5,1.36,7.5,5.0,1.36,8.0,5.0,1.41,7.35,4.88,1.39,8.6,5.3,1.43,1.53,2.5,1.57,2.63,1.52,2.45,1.61,2.6,1.25,2.03,1.83,2.03,1.83,1.98,1.77,2.05,1.92,1.01908,2.56122,understat
SP1,23/08/2026,16:00,Ath Madrid,Villarreal,2.0,2.0,D,0.0,0.0,D,0.78,3.6,19.0,13.0,4.0,6.0,12.0,13.0,5.0,3.0,3.0,2.0,1.0,0.0,1.85,3.6,4.1,1.9,3.6,4.0,1.8,3.5,3.9,1.9,3.5,4.0,1.83,3.6,4.0,1.83,3.6,4.0,1.91,3.6,4.1,1.85,3.57,3.98,1.93,3.85,4.3,1.88,1.98,1.88,1.98,1.82,1.91,1.9,2.08,-0.5,1.88,1.98,1.88,1.98,1.82,1.9,1.93,2.06,1.8,3.9,4.1,1.8,3.75,4.2,1.75,3.75,4.6,1.78,3.9,4.1,1.75,3.7,4.2,1.75,3.8,4.2,1.84,3.9,4.6,1.78,3.83,4.15,1.87,3.9,4.7,1.62,2.3,1.67,2.3,1.62,2.22,1.73,2.34,-0.5,1.83,2.03,1.83,2.1,1.76,2.01,1.87,2.13,0.739413,3.54183,understat
SP1,23/08/2026,18:30,Getafe,Santander,1.0,0.0,H,0.0,0.0,D,1.24,1.3,12.0,6.0,1.0,3.0,14.0,17.0,8.0,6.0,1.0,3.0,0.0,0.0,2.2,2.9,3.9,2.15,3.1,3.75,2.1,2.9,3.6,2.15,3.0,3.8,2.15,2.88,3.8,2.15,2.88,3.9,2.22,3.1,3.95,2.16,2.92,3.77,2.3,3.05,4.1,2.75,1.44,2.75,1.48,2.7,1.43,2.94,1.5,-0.25,1.85,2.0,1.85,2.0,1.81,1.94,1.92,2.06,2.25,3.1,3.5,2.38,3.1,3.25,2.3,3.13,3.4,2.3,3.1,3.4,2.25,3.0,3.4,2.25,3.1,3.4,2.38,3.13,3.5,2.27,3.07,3.42,2.38,3.25,3.6,2.2,1.67,2.25,1.67,2.2,1.64,2.32,1.75,-0.25,1.93,1.93,1.93,1.93,1.89,1.85,2.02,1.95,0.982608,1.1679,understat
SP1,23/08/2026,20:30,Elche,Barcelona,0.0,5.0,A,0.0,2.0,A,0.7,4.38,7.0,11.0,2.0,7.0,13.0,12.0,3.0,1.0,1.0,0.0,0.0,0.0,9.0,5.75,1.3,9.0,5.5,1.3,8.0,5.25,1.29,8.25,5.75,1.32,8.5,5.5,1.29,8.5,5.5,1.3,10.25,5.75,1.33,8.42,5.49,1.31,9.4,6.2,1.35,1.44,2.75,1.48,2.8,1.43,2.67,1.5,2.88,1.5,1.98,1.88,1.98,1.88,1.9,1.82,2.04,1.92,8.5,5.5,1.33,8.5,5.5,1.33,9.0,5.75,1.3,7.5,5.5,1.36,8.0,5.5,1.3,8.5,5.5,1.3,9.0,5.75,1.36,8.35,5.52,1.32,9.2,5.9,1.38,1.5,2.63,1.5,2.75,1.47,2.62,1.52,2.88,1.5,1.93,1.93,1.95,1.93,1.88,1.86,1.98,2.01,1.17646,4.25182,understat
SP1,24/08/2026,18:30,Osasuna,Levante,0.0,0.0,D,0.0,0.0,D,0.67,1.31,12.0,11.0,7.0,1.0,9.0,12.0,9.0,4.0,2.0,1.0,0.0,0.0,1.83,3.6,4.33,1.83,3.6,4.33,1.75,3.5,4.2,1.83,3.5,4.4,1.8,3.5,4.33,1.8,3.5,4.2,1.84,3.6,4.5,1.81,3.52,4.3,1.86,3.7,4.8,2.0,1.8,2.0,1.8,1.97,1.77,2.06,1.83,-0.5,1.8,2.05,1.8,2.05,1.78,1.95,,,1.85,3.4,4.33,1.91,3.4,4.2,1.87,3.5,4.2,1.93,3.4,4.1,1.91,3.25,4.2,1.91,3.3,4.2,1.94,3.5,4.33,1.9,3.38,4.21,1.99,3.5,4.6,2.2,1.67,2.2,1.73,2.14,1.67,2.28,1.76,-0.5,1.9,1.95,1.9,1.95,1.85,1.88,1.99,2.0,0.892536,1.27031,understat
SP1,24/08/2026,20:30,Malaga,La Coruna,1.0,1.0,D,1.0,1.0,D,1.97,1.11,13.0,6.0,2.0,4.0,12.0,12.0,7.0,4.0,1.0,4.0,0.0,0.0,2.5,3.1,3.1,2.5,3.1,3.0,2.4,2.9,3.0,2.6,3.1,2.87,2.45,2.88,3.1,2.5,2.88,3.1,2.6,3.1,3.1,2.48,2.99,3.01,2.64,3.05,3.3,2.63,1.5,2.63,1.54,2.48,1.5,2.68,1.57,-0.25,2.1,1.7,2.1,1.73,2.05,1.7,2.21,1.81,2.4,3.1,3.25,2.4,3.1,3.1,2.38,3.2,3.1,2.35,3.0,3.25,2.3,2.9,3.2,2.3,3.0,3.25,2.42,3.2,3.3,2.36,3.05,3.2,2.5,3.15,3.5,2.3,1.62,2.3,1.67,2.23,1.63,2.42,1.69,-0.25,2.1,1.7,2.1,1.8,1.98,1.76,2.09,1.9,1.35649,1.1297,understat
SP1,25/08/2026,20:00,Valencia,Betis,0.0,1.0,A,0.0,0.0,D,1.12,0.71,16.0,15.0,3.0,3.0,10.0,11.0,8.0,2.0,2.0,1.0,0.0,0.0,2.8,3.3,2.55,2.75,3.25,2.5,2.8,3.25,2.55,2.75,3.25,2.6,2.75,3.1,2.6,2.75,3.25,2.6,2.83,3.3,2.65,2.77,3.24,2.56,2.94,3.35,2.72,2.1,1.73,2.1,1.75,2.05,1.73,2.2,1.82,0.0,2.05,1.8,2.05,1.83,1.95,1.79,2.07,1.91,2.55,3.3,2.8,2.63,3.25,2.75,2.6,3.3,2.75,2.55,3.2,2.8,2.6,3.2,2.7,2.6,3.3,2.7,2.7,3.3,2.8,2.61,3.23,2.72,2.74,3.4,2.9,2.1,1.73,2.15,1.75,2.09,1.7,2.22,1.8,0.0,1.83,2.03,1.85,2.03,1.82,1.92,1.93,2.05,1.28989,0.964495,understat
SP1,26/08/2026,20:00,Real Madrid,Sociedad,4.0,1.0,H,1.0,1.0,D,3.14,0.56,20.0,10.0,11.0,3.0,10.0,8.0,4.0,7.0,3.0,3.0,0.0,0.0,1.3,6.25,8.0,1.33,5.5,8.5,1.3,5.75,9.0,1.34,5.5,8.0,1.29,5.5,8.5,1.29,5.5,8.0,1.34,6.25,9.3,1.31,5.65,8.33,1.35,6.2,10.0,1.44,2.75,1.45,2.8,1.42,2.73,1.5,2.96,-1.5,1.88,1.98,1.88,1.98,1.82,1.9,1.94,2.0,1.17,8.0,13.0,1.18,7.5,13.0,1.17,7.5,15.0,1.21,7.5,11.5,1.14,7.5,14.0,1.17,8.0,13.0,1.21,8.0,15.0,1.18,7.37,12.96,1.22,8.6,15.0,1.3,3.5,1.33,3.6,1.31,3.37,1.35,3.8,-2.0,1.83,2.03,1.83,2.03,1.79,1.97,1.9,2.07,3.30519,0.462997,understat
SP1,27/08/2026,19:30,Celta,Osasuna,1.0,2.0,A,1.0,0.0,H,0.13,2.68,4.0,13.0,2.0,5.0,7.0,16.0,5.0,3.0,0.0,1.0,1.0,0.0,2.0,3.3,4.0,1.95,3.4,4.0,1.93,3.25,3.75,2.0,3.1,4.2,1.91,3.3,4.0,1.95,3.3,4.0,2.0,3.5,4.3,1.95,3.31,3.94,2.02,3.5,4.3,2.2,1.67,2.2,1.7,2.12,1.67,2.28,1.73,-0.5,2.03,1.83,2.03,1.85,1.91,1.81,2.02,1.94,1.85,3.3,4.5,1.9,3.4,4.33,1.83,3.25,5.0,1.83,3.3,4.75,1.85,3.2,4.5,1.85,3.3,4.75,1.9,3.4,5.0,1.85,3.29,4.63,1.96,3.4,5.0,2.3,1.62,2.35,1.62,2.27,1.6,2.46,1.68,-0.5,1.85,2.0,1.85,2.0,1.79,1.94,1.96,2.03,0.106731,1.89653,understat
SP1,27/08/2026,20:00,Barcelona,Ath Bilbao,2.0,0.0,H,1.0,0.0,H,3.91,0.25,22.0,5.0,10.0,0.0,13.0,6.0,12.0,5.0,1.0,2.0,0.0,0.0,1.33,5.25,8.0,1.3,5.5,9.0,1.29,5.25,8.0,1.34,5.5,8.0,1.29,5.5,8.5,1.3,5.5,8.5,1.34,5.75,9.3,1.31,5.42,8.18,1.35,6.0,9.6,1.44,2.75,1.45,2.75,1.42,2.71,1.49,2.9,-1.5,1.88,1.98,1.88,1.98,1.82,1.9,1.95,2.0,1.22,6.5,12.0,1.22,6.5,11.0,1.22,7.0,11.0,1.25,7.0,9.5,1.18,6.5,12.0,1.2,7.0,12.0,1.25,7.0,12.0,1.22,6.64,10.81,1.25,7.4,14.5,1.33,3.4,1.33,3.6,1.31,3.34,1.37,3.65,-1.75,1.78,2.03,1.78,2.05,1.75,2.0,1.86,2.12,3.9166,0.221962,understat
SP1,28/08/2026,18:00,Santander,Elche,3.0,2.0,H,3.0,0.0,H,1.72,1.04,13.0,18.0,6.0,7.0,17.0,19.0,5.0,10.0,2.0,1.0,0.0,0.0,2.0,3.6,3.6,2.05,3.6,3.5,2.05,3.5,3.6,2.1,3.5,3.4,2.0,3.4,3.6,2.0,3.6,3.5,2.12,3.6,3.6,2.04,3.54,3.51,2.12,3.7,3.8,1.67,2.2,1.67,2.2,1.66,2.16,1.77,2.28,-0.5,2.05,1.8,2.05,1.8,1.98,1.76,2.12,1.88,1.91,3.7,3.9,2.0,3.6,3.6,1.87,3.6,4.1,1.95,3.6,3.75,1.95,3.4,3.7,1.95,3.6,3.75,2.0,3.7,4.1,1.95,3.58,3.75,2.04,3.75,4.0,1.73,2.1,1.73,2.15,1.69,2.1,1.81,2.2,-0.5,1.95,1.9,1.95,1.9,1.9,1.84,2.04,1.94,2.56226,1.07551,understat
SP1,28/08/2026,20:30,Alaves,Villarreal,1.0,0.0,H,1.0,0.0,H,0.81,1.4,9.0,19.0,2.0,6.0,15.0,8.0,5.0,9.0,3.0,1.0,0.0,0.0,3.2,3.5,2.2,3.0,3.5,2.3,3.13,3.6,2.2,3.1,3.5,2.25,3.2,3.4,2.2,3.2,3.5,2.15,3.2,3.6,2.3,3.1,3.49,2.23,3.35,3.65,2.32,1.8,2.0,1.8,2.0,1.78,1.97,1.87,2.12,0.25,1.93,1.93,1.93,1.93,1.86,1.88,1.98,2.0,3.1,3.5,2.25,3.0,3.6,2.25,3.1,3.5,2.25,3.0,3.4,2.3,3.0,3.3,2.25,3.0,3.4,2.25,3.1,3.6,2.3,3.03,3.44,2.26,3.25,3.55,2.4,1.8,2.0,1.83,2.0,1.78,1.96,1.88,2.1,0.25,1.85,2.0,1.85,2.0,1.81,1.93,1.92,2.06,0.915469,1.45107,understat
SP1,29/08/2026,16:00,Levante,Betis,5.0,2.0,H,2.0,2.0,D,2.76,1.92,19.0,20.0,10.0,6.0,9.0,7.0,5.0,8.0,1.0,1.0,0.0,0.0,3.4,3.3,2.2,3.2,3.5,2.2,3.3,3.4,2.15,3.25,3.4,2.2,3.3,3.3,2.15,3.25,3.3,2.15,3.4,3.5,2.25,3.28,3.33,2.19,3.55,3.5,2.28,1.98,1.88,1.98,1.88,1.91,1.83,2.06,1.91,0.25,1.98,1.88,1.98,1.9,1.9,1.85,2.01,1.95,3.2,3.3,2.3,3.1,3.5,2.25,3.25,3.3,2.25,3.0,3.4,2.3,3.1,3.2,2.25,3.1,3.3,2.25,3.25,3.5,2.32,3.1,3.34,2.27,3.4,3.45,2.38,1.9,1.95,1.9,2.0,1.83,1.93,1.95,2.04,0.25,1.85,2.0,1.85,2.0,1.82,1.92,1.95,2.04,3.0376,1.92286,understat
SP1,29/08/2026,18:00,Sociedad,Espanol,2.0,1.0,H,1.0,1.0,D,1.66,0.76,17.0,11.0,10.0,3.0,19.0,14.0,7.0,3.0,2.0,4.0,0.0,0.0,1.91,3.6,4.0,1.9,3.75,3.75,1.87,3.7,4.0,1.9,3.6,3.9,1.87,3.6,4.0,1.85,3.6,3.9,1.91,3.75,4.0,1.88,3.64,3.92,1.96,3.85,4.3,1.88,1.98,1.88,2.0,1.8,1.94,1.92,2.04,-0.5,1.9,1.95,1.9,1.95,1.83,1.9,1.96,2.03,1.9,3.7,4.0,1.83,3.75,4.0,1.87,3.75,4.0,1.85,3.75,4.0,1.83,3.5,4.2,1.83,3.6,4.2,1.9,3.75,4.2,1.85,3.68,4.02,1.94,3.75,4.5,1.73,2.1,1.75,2.1,1.72,2.05,1.82,2.2,-0.5,1.88,1.98,1.88,1.98,1.81,1.92,1.94,2.05,2.91657,0.929949,understat
SP1,29/08/2026,20:30,Sevilla,Ath Madrid,1.0,3.0,A,0.0,3.0,A,0.89,0.93,20.0,12.0,5.0,5.0,20.0,16.0,4.0,2.0,2.0,2.0,0.0,0.0,3.6,3.3,2.1,3.4,3.5,2.1,3.4,3.5,2.1,3.6,3.4,2.05,3.5,3.3,2.1,3.4,3.3,2.05,3.6,3.5,2.15,3.46,3.39,2.09,3.8,3.55,2.18,1.98,1.88,1.98,1.88,1.91,1.83,2.0,1.98,0.25,2.03,1.83,2.03,1.83,1.97,1.78,2.12,1.87,4.1,3.5,1.91,4.0,3.5,1.95,4.1,3.5,1.9,4.0,3.4,1.95,4.0,3.3,1.91,4.0,3.5,1.91,4.2,3.5,1.95,3.99,3.43,1.93,4.4,3.55,2.02,2.1,1.73,2.1,1.8,2.03,1.75,2.16,1.84,0.5,1.93,1.93,1.93,1.93,1.85,1.88,1.96,2.02,1.08053,1.47677,understat
SP1,30/08/2026,16:00,Real Madrid,Malaga,4.0,0.0,H,3.0,0.0,H,2.4,0.72,19.0,14.0,8.0,1.0,6.0,9.0,9.0,6.0,0.0,2.0,0.0,0.0,1.11,9.0,21.0,1.13,9.0,19.0,1.08,8.5,18.0,1.14,9.0,17.0,1.1,9.5,19.0,1.1,9.0,17.0,1.14,10.0,21.0,1.11,8.86,18.31,1.14,11.0,26.0,1.33,3.4,1.33,3.4,1.31,3.31,1.36,3.55,-2.5,1.95,1.9,1.95,1.9,1.9,1.83,2.01,1.94,1.09,11.0,21.0,1.1,10.0,21.0,1.06,12.0,31.0,1.12,10.5,18.0,1.07,12.0,21.0,1.06,13.0,23.0,1.12,13.0,31.0,1.09,10.72,21.88,1.11,13.5,32.0,1.22,4.33,1.23,4.5,1.21,4.21,1.24,5.0,-2.75,1.88,1.98,1.88,1.98,1.84,1.91,1.96,2.02,3.40784,0.760169,understat
SP1,30/08/2026,18:30,La Coruna,Valencia,3.0,1.0,H,2.0,1.0,H,1.42,1.33,11.0,12.0,4.0,4.0,14.0,5.0,5.0,5.0,2.0,1.0,1.0,0.0,2.55,3.0,3.1,2.6,3.1,2.88,2.45,3.0,2.8,2.55,3.1,2.9,2.5,3.0,2.8,2.5,3.1,2.8,2.66,3.1,3.1,2.53,3.02,2.91,2.64,3.1,3.2,2.38,1.57,2.38,1.58,2.29,1.57,2.5,1.63,-0.25,2.1,1.7,2.15,1.7,2.09,1.68,2.2,1.81,2.75,2.9,2.88,2.75,3.0,2.8,2.75,3.13,2.7,2.65,3.0,2.87,2.7,2.88,2.88,2.7,2.9,2.88,2.78,3.13,2.88,2.72,2.98,2.82,2.88,3.05,3.05,2.5,1.53,2.5,1.57,2.36,1.56,2.54,1.64,0.0,1.7,2.1,1.85,2.1,1.82,1.91,1.93,2.05,1.40751,1.01663,understat
SP1,30/08/2026,20:30,Celta,Ath Bilbao,0.0,2.0,A,0.0,2.0,A,0.57,2.64,8.0,17.0,2.0,7.0,8.0,17.0,4.0,7.0,0.0,3.0,0.0,0.0,2.38,3.2,3.1,2.38,3.3,3.0,2.3,3.2,2.9,2.37,3.3,3.0,2.3,3.3,2.9,2.3,3.3,2.9,2.45,3.3,3.15,2.36,3.23,2.97,2.54,3.35,3.15,2.1,1.73,2.1,1.75,2.04,1.71,2.18,1.81,-0.25,2.05,1.8,2.05,1.8,1.99,1.76,2.18,1.82,2.88,3.0,2.7,2.75,3.2,2.63,2.8,3.2,2.6,2.75,3.1,2.7,2.8,3.0,2.6,2.8,3.1,2.6,2.88,3.2,2.76,2.77,3.1,2.65,3.0,3.25,2.76,2.38,1.57,2.38,1.62,2.27,1.6,2.46,1.67,0.0,2.03,1.83,2.03,1.85,1.93,1.81,2.07,1.92,1.20059,3.13299,understat
SP1,31/08/2026,18:30,Osasuna,Getafe,1.0,0.0,H,1.0,0.0,H,1.67,0.65,10.0,11.0,2.0,1.0,17.0,14.0,1.0,3.0,5.0,4.0,0.0,0.0,2.2,3.0,3.75,2.25,3.0,3.6,2.15,2.88,3.6,2.2,3.0,3.6,2.2,2.88,3.7,2.2,2.88,3.6,2.26,3.0,3.75,2.2,2.94,3.64,2.28,3.1,4.0,3.0,1.4,3.0,1.42,2.86,1.39,3.2,1.44,-0.25,1.88,1.98,1.88,1.98,1.83,1.91,1.91,2.05,2.15,2.9,4.1,2.2,2.75,3.75,2.15,2.88,4.2,2.15,2.85,4.0,2.1,2.8,4.2,2.1,2.88,4.2,2.2,2.9,4.2,2.15,2.85,4.08,2.24,2.98,4.5,3.2,1.36,3.2,1.42,3.01,1.37,3.25,1.43,-0.25,1.8,2.05,1.8,2.05,1.76,1.99,1.86,2.14,1.70503,1.09043,understat
SP1,31/08/2026,20:30,Barcelona,Vallecano,5.0,2.0,H,2.0,1.0,H,2.83,1.09,26.0,11.0,9.0,5.0,4.0,11.0,9.0,5.0,0.0,1.0,0.0,0.0,1.17,8.0,13.0,1.17,7.5,15.0,1.13,7.0,15.0,1.2,7.25,13.0,1.14,8.0,15.0,1.14,8.0,15.0,1.2,8.0,15.0,1.16,7.46,14.04,1.19,9.2,18.5,1.36,3.2,1.36,3.25,1.33,3.16,1.38,3.4,-2.25,2.0,1.85,2.0,1.85,1.95,1.79,2.02,1.74,1.1,10.0,19.0,1.09,11.0,23.0,1.08,11.0,20.0,1.13,10.0,16.5,1.07,11.0,23.0,1.07,12.0,23.0,1.13,12.0,24.0,1.1,10.44,19.91,1.12,12.5,30.0,1.2,4.5,1.22,5.25,1.19,4.49,1.23,5.2,-2.75,1.93,1.93,1.93,1.93,1.86,1.88,1.98,2.0,2.9576,1.06614,understat
SP1,03/09/2026,20:00,Sociedad,Celta,0.0,0.0,D,0.0,0.0,D,0.97,0.36,16.0,7.0,5.0,2.0,15.0,11.0,11.0,3.0,2.0,3.0,0.0,0.0,1.95,3.6,3.8,2.0,3.6,3.6,1.9,3.4,3.6,2.0,3.5,3.6,1.91,3.4,3.8,1.91,3.4,3.8,2.0,3.6,3.95,1.95,3.48,3.69,2.04,3.65,4.1,1.93,1.93,1.93,1.93,1.86,1.86,1.99,1.99,-0.5,1.95,1.9,1.95,1.9,1.9,1.83,2.02,1.94,1.75,3.7,4.75,1.8,3.75,4.2,1.75,3.7,4.75,,,,1.75,3.6,4.4,1.75,3.75,4.4,1.8,3.75,5.0,1.76,3.66,4.52,1.86,3.85,4.9,1.8,2.0,1.8,2.1,1.76,2.01,1.86,2.14,-0.5,1.75,2.05,1.75,2.05,1.73,2.03,1.86,2.15,1.02047,0.633241,understat
SP1,04/09/2026,20:00,Betis,Real Madrid,1.0,0.0,H,0.0,0.0,D,0.93,3.46,10.0,20.0,5.0,8.0,11.0,13.0,6.0,10.0,3.0,5.0,0.0,0.0,7.0,5.25,1.38,6.5,5.0,1.44,6.5,5.25,1.4,5.5,5.0,1.47,6.5,5.0,1.4,6.5,5.0,1.36,7.0,5.25,1.47,6.33,5.06,1.42,7.2,5.3,1.47,1.36,3.2,1.38,3.2,1.35,3.05,1.42,3.3,1.25,1.95,1.9,1.95,1.9,1.89,1.85,1.99,1.97,6.25,5.0,1.44,6.0,5.0,1.44,6.0,5.0,1.45,5.25,5.0,1.51,6.0,5.0,1.4,6.0,5.0,1.4,6.25,5.25,1.51,5.87,5.0,1.44,6.6,5.3,1.5,1.4,3.0,1.4,3.1,1.37,3.0,1.44,3.2,1.25,1.83,2.03,1.95,2.03,1.85,1.9,1.91,2.06,0.885249,3.38283,understat
SP1,05/09/2026,15:15,Ath Bilbao,Ath Madrid,3.0,0.0,H,0.0,0.0,D,1.41,1.03,11.0,15.0,4.0,5.0,8.0,6.0,3.0,8.0,0.0,1.0,0.0,0.0,3.1,3.3,2.3,2.88,3.5,2.38,3.0,3.5,2.3,2.9,3.4,2.35,2.88,3.4,2.38,2.8,3.4,2.38,3.1,3.5,2.38,2.97,3.41,2.33,3.3,3.55,2.4,1.91,1.91,1.91,1.91,1.85,1.89,1.96,1.99,0.25,1.85,2.0,1.85,2.0,1.8,1.95,1.9,2.06,2.7,3.25,2.63,2.75,3.4,2.5,2.7,3.4,2.55,,,,2.7,3.2,2.5,2.7,3.3,2.6,2.8,3.4,2.63,2.7,3.31,2.56,2.88,3.45,2.72,1.93,1.93,1.93,1.93,1.87,1.88,1.98,2.0,0.0,1.95,1.9,1.95,1.9,1.9,1.84,2.06,1.93,1.87212,0.752183,understat
SP1,05/09/2026,17:30,Vallecano,Santander,3.0,2.0,H,2.0,2.0,D,1.61,0.48,16.0,9.0,10.0,4.0,15.0,12.0,9.0,6.0,3.0,2.0,2.0,0.0,2.25,3.25,3.3,2.25,3.5,3.1,2.25,3.5,3.1,2.3,3.4,3.0,2.2,3.3,3.25,2.2,3.25,3.2,2.3,3.5,3.3,2.25,3.38,3.12,2.34,3.5,3.45,1.83,2.03,1.83,2.03,1.79,1.96,1.88,2.1,-0.25,1.98,1.88,1.98,1.88,1.91,1.83,2.0,1.98,1.95,3.6,3.7,2.0,3.6,3.4,1.95,3.8,3.6,,,,1.91,3.5,3.75,1.95,3.6,3.75,2.05,3.8,3.95,1.96,3.62,3.65,2.04,3.75,4.0,1.67,2.2,1.67,2.3,1.62,2.23,1.69,2.42,-0.5,1.98,1.88,2.0,1.88,1.92,1.82,2.04,1.95,1.18959,0.632853,understat
SP1,05/09/2026,20:00,Villarreal,La Coruna,2.0,3.0,A,1.0,1.0,D,1.2,0.83,17.0,8.0,5.0,3.0,14.0,14.0,7.0,1.0,2.0,2.0,0.0,0.0,1.5,4.2,6.5,1.44,4.5,7.0,1.45,4.5,7.0,1.5,4.4,6.25,1.4,4.4,7.0,1.44,4.33,6.5,1.5,4.6,7.3,1.46,4.44,6.58,1.53,4.7,7.0,1.73,2.1,1.73,2.15,1.69,2.1,1.76,2.26,-1.0,1.75,2.05,1.75,2.1,1.71,2.05,1.84,2.12,1.44,4.75,7.0,1.44,4.6,7.0,1.44,4.6,7.0,1.46,4.8,6.25,1.4,4.5,6.5,1.44,5.0,6.5,1.46,5.0,7.0,1.44,4.67,6.7,1.49,5.1,7.4,1.67,2.2,1.67,2.3,1.61,2.25,1.71,2.38,-1.25,1.98,1.88,1.98,1.88,1.93,1.82,2.07,1.91,3.64239,2.44247,understat
SP1,06/09/2026,15:15,Valencia,Barcelona,0.0,5.0,A,0.0,2.0,A,0.66,4.08,3.0,25.0,2.0,10.0,7.0,6.0,1.0,4.0,1.0,3.0,0.0,0.0,10.0,5.75,1.29,9.0,6.0,1.29,9.0,5.5,1.25,8.75,5.75,1.31,9.5,5.5,1.25,9.5,5.75,1.25,11.0,6.5,1.31,9.13,5.81,1.27,11.5,6.6,1.31,1.36,3.2,1.38,3.2,1.36,3.03,1.41,3.35,1.75,1.88,1.98,1.88,1.98,1.84,1.91,1.94,1.94,10.0,6.5,1.25,10.0,6.0,1.29,13.0,7.0,1.2,9.0,6.75,1.27,10.0,6.0,1.22,11.0,6.5,1.22,13.0,7.0,1.29,10.48,6.39,1.24,12.5,6.8,1.29,1.36,3.2,1.38,3.4,1.34,3.13,1.39,3.5,1.75,2.03,1.78,2.05,1.85,1.99,1.76,2.08,1.89,0.518846,4.76916,understat
SP1,06/09/2026,17:30,Alaves,Osasuna,5.0,2.0,H,2.0,0.0,H,1.19,1.63,12.0,7.0,7.0,5.0,14.0,13.0,4.0,1.0,1.0,2.0,0.0,0.0,2.25,3.1,3.5,2.25,3.1,3.5,2.2,3.0,3.3,2.25,3.1,3.4,2.2,3.0,3.4,2.2,3.1,3.4,2.3,3.1,3.55,2.23,3.04,3.43,2.38,3.1,3.8,2.5,1.53,2.5,1.53,2.43,1.52,2.66,1.58,-0.25,1.93,1.93,1.93,1.93,1.87,1.87,1.99,1.98,2.2,3.1,3.6,2.25,3.2,3.4,2.2,3.2,3.5,2.2,3.1,3.5,2.15,3.0,3.6,2.2,3.1,3.6,2.26,3.2,3.6,2.2,3.11,3.5,2.3,3.2,3.85,2.38,1.57,2.5,1.57,2.4,1.54,2.54,1.64,-0.25,1.9,1.95,1.9,1.95,1.85,1.9,1.94,2.04,1.60188,1.64406,understat
SP1,06/09/2026,17:30,Malaga,Levante,0.0,0.0,D,0.0,0.0,D,1.59,0.98,10.0,11.0,3.0,3.0,15.0,11.0,6.0,4.0,4.0,2.0,0.0,0.0,2.38,3.25,3.0,2.5,3.3,2.88,2.3,3.25,2.8,2.45,3.25,2.9,2.3,3.2,3.0,2.3,3.2,3.0,2.56,3.35,3.0,2.39,3.25,2.91,2.46,3.4,3.25,1.98,1.88,1.98,1.88,1.91,1.83,1.99,1.94,-0.25,2.05,1.8,2.1,1.8,2.02,1.74,2.1,1.88,2.35,3.3,3.0,2.5,3.4,2.8,2.4,3.3,3.0,2.4,3.3,2.95,2.45,3.2,2.88,2.4,3.25,3.0,2.5,3.4,3.0,2.41,3.29,2.91,2.56,3.4,3.15,1.93,1.93,1.93,1.95,1.86,1.9,2.0,1.98,-0.25,2.05,1.8,2.1,1.8,2.03,1.74,2.18,1.83,1.72661,1.19172,understat
SP1,06/09/2026,20:00,Espanol,Sevilla,1.0,1.0,D,0.0,0.0,D,1.22,0.53,12.0,6.0,3.0,3.0,17.0,13.0,0.0,4.0,2.0,3.0,0.0,1.0,2.3,3.1,3.4,2.3,3.2,3.2,2.2,3.0,3.25,2.25,3.25,3.25,2.15,3.1,3.4,2.2,3.1,3.4,2.3,3.25,3.45,2.24,3.12,3.31,2.34,3.3,3.6,2.38,1.57,2.38,1.6,2.31,1.56,2.46,1.66,-0.25,1.95,1.9,1.95,1.9,1.9,1.85,2.0,1.97,2.3,3.2,3.25,2.3,3.25,3.2,2.3,3.1,3.3,2.3,3.2,3.2,2.25,3.1,3.25,2.3,3.2,3.3,2.34,3.25,3.3,2.3,3.16,3.23,2.42,3.25,3.5,2.2,1.67,2.25,1.7,2.19,1.64,2.34,1.73,-0.25,2.0,1.85,2.0,1.85,1.93,1.81,2.05,1.93,1.81745,0.372572,understat
SP1,07/09/2026,18:00,Getafe,Celta,1.0,1.0,D,1.0,0.0,H,0.81,0.96,10.0,16.0,2.0,3.0,8.0,9.0,3.0,5.0,4.0,2.0,1.0,0.0,2.4,2.9,3.4,2.6,3.0,3.0,2.3,2.8,3.25,2.45,2.85,3.3,2.3,2.8,3.3,2.38,2.8,3.3,2.6,3.0,3.4,2.4,2.86,3.28,2.52,2.98,3.65,3.0,1.4,3.0,1.45,2.83,1.39,3.1,1.44,-0.25,2.03,1.83,2.03,1.83,1.96,1.78,2.1,1.89,2.75,2.75,3.0,2.63,2.63,3.1,2.75,2.7,3.1,,,,2.8,2.5,3.1,2.8,2.63,3.1,2.82,2.75,3.1,2.74,2.67,3.06,2.98,2.7,3.3,3.5,1.3,3.6,1.36,3.29,1.32,3.7,1.36,0.0,1.83,2.03,1.83,2.03,1.78,1.97,1.89,2.09,1.45841,1.42122,understat
SP1,07/09/2026,20:30,Elche,Sociedad,2.0,3.0,A,0.0,2.0,A,2.47,0.58,20.0,13.0,10.0,6.0,9.0,8.0,6.0,7.0,4.0,1.0,0.0,1.0,3.1,3.25,2.38,2.8,3.6,2.38,2.75,3.4,2.3,2.85,3.5,2.37,2.88,3.3,2.38,2.88,3.25,2.38,3.1,3.6,2.38,2.86,3.42,2.35,3.05,3.5,2.5,1.8,2.0,1.8,2.0,1.77,1.97,1.82,2.14,0.25,1.8,2.05,1.8,2.05,1.75,2.0,1.84,2.14,3.0,3.4,2.3,3.0,3.5,2.1,3.13,3.4,2.25,,,,3.1,3.25,2.25,3.0,3.4,2.25,3.15,3.5,2.34,3.05,3.38,2.26,3.35,3.5,2.38,1.73,2.1,1.8,2.1,1.74,2.03,1.85,2.16,0.25,1.85,2.0,1.85,2.0,1.82,1.93,1.94,2.04,2.87045,0.876198,understat
SP1,11/09/2026,20:00,Sevilla,Valencia,1.0,0.0,H,0.0,0.0,D,0.93,0.1,13.0,3.0,4.0,0.0,8.0,12.0,6.0,4.0,1.0,2.0,0.0,0.0,1.95,3.4,4.0,1.95,3.4,4.0,1.95,3.3,4.1,1.98,3.25,4.0,1.95,3.2,4.0,1.95,3.3,4.0,2.0,3.5,4.2,1.96,3.31,4.02,2.06,3.4,4.4,2.3,1.62,2.3,1.67,2.25,1.6,2.38,1.71,-0.5,1.98,1.88,1.98,1.88,1.92,1.81,2.06,1.92,1.75,3.6,4.75,1.73,3.6,5.0,1.75,3.6,4.8,1.8,3.5,4.6,1.75,3.4,4.75,1.75,3.5,4.75,1.8,3.6,5.1,1.76,3.53,4.79,1.88,3.6,5.2,2.2,1.67,2.2,1.73,2.13,1.68,2.26,1.78,-0.5,1.75,2.05,1.75,2.1,1.72,2.04,1.88,2.12,1.35505,0.0798948,understat
SP1,12/09/2026,13:00,Santander,Alaves,2.0,1.0,H,1.0,1.0,D,2.02,1.98,11.0,16.0,4.0,8.0,16.0,17.0,4.0,6.0,2.0,3.0,1.0,0.0,2.45,3.5,2.75,2.4,3.6,2.75,2.4,3.6,2.75,2.45,3.5,2.75,2.4,3.4,2.8,2.4,3.3,2.75,2.48,3.6,2.8,2.42,3.5,2.76,2.56,3.6,2.94,1.73,2.1,1.77,2.15,1.7,2.07,1.78,2.24,0.0,1.8,2.05,1.8,2.05,1.76,1.99,1.86,2.13,2.6,3.5,2.6,2.5,3.6,2.6,2.6,3.6,2.55,2.55,3.5,2.65,2.63,3.3,2.5,2.63,3.4,2.5,2.64,3.6,2.65,2.59,3.46,2.59,2.84,3.55,2.7,1.67,2.2,1.73,2.2,1.69,2.11,1.79,2.24,0.0,1.9,1.95,1.9,1.95,1.87,1.87,2.02,1.96,1.38389,2.27148,understat
SP1,12/09/2026,15:15,Osasuna,Espanol,0.0,2.0,A,0.0,2.0,A,1.05,1.43,11.0,6.0,4.0,3.0,10.0,24.0,3.0,4.0,2.0,3.0,0.0,0.0,2.15,3.1,3.75,2.05,3.4,3.6,2.1,3.3,3.6,2.15,3.25,3.5,2.1,3.2,3.6,2.1,3.1,3.6,2.2,3.4,3.75,2.11,3.25,3.58,2.22,3.35,3.9,2.2,1.67,2.2,1.67,2.16,1.65,2.34,1.72,-0.25,1.83,2.03,1.83,2.03,1.79,1.96,1.89,2.1,2.25,3.2,3.4,2.15,3.25,3.5,2.2,3.4,3.3,2.2,3.2,3.4,2.2,3.0,3.4,2.2,3.1,3.4,2.25,3.4,3.5,2.21,3.2,3.38,2.34,3.25,3.7,2.1,1.73,2.15,1.73,2.1,1.7,2.22,1.81,-0.25,1.93,1.93,1.93,1.93,1.87,1.88,1.99,2.0,1.10365,1.40951,understat
SP1,12/09/2026,17:30,Ath Bilbao,Elche,1.0,1.0,D,0.0,0.0,D,2.4,0.84,19.0,3.0,3.0,1.0,11.0,12.0,7.0,1.0,3.0,3.0,0.0,0.0,1.4,4.75,7.5,1.44,4.5,7.0,1.4,4.8,8.0,1.43,4.8,7.0,1.36,4.75,7.5,1.4,4.6,7.5,1.44,5.0,8.0,1.41,4.73,7.35,1.44,5.1,8.4,1.67,2.2,1.7,2.2,1.67,2.13,1.74,2.28,-1.25,1.88,1.98,1.88,1.98,1.85,1.9,1.96,1.99,1.4,4.75,7.5,1.44,4.6,7.0,1.36,5.0,8.0,1.39,5.0,7.25,1.36,4.75,7.5,1.36,5.0,7.5,1.44,5.0,8.0,1.39,4.78,7.49,1.43,5.2,9.0,1.67,2.2,1.67,2.3,1.62,2.23,1.72,2.36,-1.25,1.88,1.98,1.93,2.0,1.83,1.91,1.96,2.02,3.13039,0.816135,understat
SP1,12/09/2026,20:00,Real Madrid,Vallecano,4.0,1.0,H,3.0,0.0,H,2.61,1.22,24.0,18.0,11.0,7.0,9.0,13.0,11.0,5.0,0.0,1.0,0.0,0.0,1.13,9.5,19.0,1.13,9.0,19.0,1.08,8.5,18.0,1.13,9.75,17.0,1.08,10.0,21.0,1.09,9.5,19.0,1.13,10.0,22.0,1.11,9.06,18.38,1.13,11.5,27.0,1.29,3.75,1.29,3.8,1.26,3.67,1.29,4.2,-2.5,1.9,1.95,1.91,1.95,1.87,1.86,1.96,1.99,1.14,8.0,15.0,1.14,8.5,17.0,1.12,9.5,18.0,1.17,8.5,13.0,1.11,8.5,17.0,1.11,10.0,17.0,1.17,10.0,18.0,1.14,8.6,15.73,1.17,9.8,21.0,1.25,4.0,1.27,4.2,1.25,3.84,1.3,4.2,-2.25,1.83,2.03,1.83,2.03,1.78,1.97,1.92,2.05,3.12156,1.19257,understat
SP1,13/09/2026,13:00,Celta,Malaga,1.0,1.0,D,1.0,0.0,H,1.9,0.42,17.0,12.0,5.0,2.0,10.0,10.0,1.0,5.0,1.0,1.0,0.0,0.0,1.7,3.7,5.25,1.73,3.75,4.6,1.67,3.5,4.8,1.71,3.7,4.8,1.67,3.7,5.0,1.67,3.6,5.0,1.75,3.75,5.25,1.7,3.62,4.89,1.77,3.85,5.4,2.1,1.73,2.1,1.77,2.03,1.72,2.2,1.81,-0.75,1.93,1.93,1.93,1.93,1.89,1.85,2.0,1.97,1.67,3.75,5.5,1.73,3.6,5.0,1.67,3.8,5.25,1.7,3.6,5.25,1.67,3.5,5.0,1.67,3.7,5.0,1.73,3.8,5.6,1.68,3.65,5.23,1.77,3.8,5.8,2.03,1.83,2.08,1.83,2.0,1.76,2.16,1.84,-0.75,1.88,1.98,1.88,1.98,1.83,1.91,1.98,2.0,1.48145,0.548065,understat
SP1,13/09/2026,15:15,Levante,Barcelona,2.0,4.0,A,0.0,2.0,A,2.42,2.59,13.0,12.0,7.0,6.0,11.0,11.0,3.0,5.0,1.0,1.0,0.0,0.0,17.0,8.0,1.14,13.0,7.5,1.18,15.0,7.5,1.12,12.5,8.0,1.19,15.0,9.0,1.11,15.0,8.5,1.13,17.0,9.0,1.19,14.46,7.89,1.15,19.5,10.0,1.17,1.29,3.75,1.29,3.9,1.25,3.71,1.29,4.2,2.25,2.0,1.85,2.0,1.85,1.92,1.82,2.03,1.9,13.0,8.5,1.17,12.0,8.0,1.18,13.0,8.5,1.17,10.5,7.75,1.2,13.0,8.0,1.14,13.0,8.5,1.14,15.0,8.5,1.22,12.0,7.97,1.18,16.0,9.0,1.2,1.22,4.33,1.23,4.8,1.21,4.23,1.24,5.0,2.25,1.9,1.95,1.9,1.95,1.84,1.9,1.95,2.03,2.67442,2.46861,understat
SP1,13/09/2026,17:30,Getafe,La Coruna,1.0,1.0,D,0.0,0.0,D,0.77,0.86,15.0,10.0,4.0,3.0,14.0,9.0,3.0,7.0,3.0,1.0,0.0,0.0,2.4,2.9,3.4,2.3,2.88,3.6,2.38,2.75,3.25,2.45,2.87,3.3,2.4,2.7,3.3,2.45,2.7,3.3,2.45,2.9,3.6,2.4,2.79,3.38,2.58,2.9,3.6,3.2,1.36,3.2,1.4,3.02,1.36,3.25,1.41,-0.25,2.05,1.8,2.05,1.8,1.98,1.77,2.13,1.85,2.55,3.1,3.0,2.4,2.88,3.2,2.63,2.88,3.1,2.5,2.87,3.2,2.5,2.8,3.1,2.6,2.88,3.1,2.63,3.1,3.2,2.54,2.89,3.11,2.72,3.0,3.3,2.63,1.5,2.7,1.55,2.6,1.48,2.8,1.54,0.0,1.78,2.1,1.78,2.1,1.73,2.05,1.81,2.2,0.994787,0.944884,understat
SP1,13/09/2026,20:00,Sociedad,Ath Madrid,0.0,3.0,A,0.0,0.0,D,0.27,2.05,8.0,13.0,3.0,5.0,13.0,9.0,9.0,3.0,3.0,1.0,0.0,0.0,2.8,3.5,2.38,2.88,3.6,2.3,2.7,3.5,2.3,2.85,3.6,2.35,2.8,3.3,2.4,2.8,3.3,2.4,2.94,3.6,2.4,2.81,3.48,2.35,3.0,3.6,2.54,1.67,2.2,1.67,2.2,1.64,2.17,1.69,2.32,0.0,2.08,1.73,2.1,1.73,2.05,1.71,2.17,1.83,3.4,3.6,2.05,3.2,3.75,2.1,3.4,3.5,2.1,3.3,3.5,2.1,3.3,3.5,2.05,3.4,3.6,2.05,3.4,3.75,2.1,3.32,3.55,2.08,3.6,3.75,2.18,1.67,2.2,1.73,2.2,1.67,2.14,1.8,2.24,0.5,1.75,2.05,1.75,2.05,1.73,2.03,1.83,2.18,0.607518,1.83411,understat
SP1,14/09/2026,20:00,Villarreal,Betis,1.0,2.0,A,1.0,2.0,A,1.9,3.52,14.0,26.0,8.0,12.0,7.0,8.0,7.0,4.0,1.0,0.0,0.0,0.0,1.91,4.0,3.6,1.9,3.75,3.75,1.85,3.7,3.5,1.9,3.75,3.8,1.87,3.8,3.7,1.85,3.75,3.6,1.93,4.0,3.8,1.88,3.79,3.62,1.96,4.1,3.85,1.57,2.38,1.58,2.4,1.54,2.36,1.62,2.52,-0.5,1.93,1.93,1.93,1.93,1.85,1.87,1.96,2.02,1.91,4.0,3.5,1.91,4.0,3.5,2.0,3.9,3.4,1.9,4.0,3.5,1.91,3.8,3.5,1.91,4.0,3.5,2.0,4.0,3.55,1.93,3.96,3.46,2.02,4.1,3.7,1.4,3.0,1.48,3.0,1.41,2.8,1.47,3.05,-0.5,1.95,1.9,1.95,1.9,1.89,1.84,2.02,1.96,1.67293,4.07311,understat
SP1,15/09/2026,18:00,Vallecano,Espanol,2.0,1.0,H,2.0,0.0,H,1.71,1.66,16.0,19.0,2.0,5.0,10.0,15.0,3.0,5.0,5.0,1.0,0.0,1.0,2.3,3.3,3.1,2.3,3.4,3.1,2.3,3.5,3.0,2.25,3.4,3.1,2.3,3.3,3.0,2.3,3.4,3.0,2.38,3.5,3.1,2.3,3.37,3.03,2.46,3.45,3.25,1.95,1.9,1.95,1.91,1.87,1.87,2.0,1.98,-0.25,2.03,1.83,2.03,1.83,1.96,1.79,2.1,1.89,2.25,3.25,3.3,2.2,3.4,3.3,2.2,3.25,3.4,2.25,3.25,3.3,2.2,3.1,3.3,2.2,3.2,3.4,2.28,3.4,3.4,2.23,3.24,3.29,2.34,3.3,3.6,2.1,1.73,2.1,1.83,2.0,1.76,2.1,1.9,-0.25,1.9,1.95,1.9,1.95,1.86,1.88,1.99,1.99,1.8328,1.1573,understat
SP1,15/09/2026,19:00,Alaves,Valencia,0.0,1.0,A,0.0,0.0,D,1.05,0.65,15.0,10.0,3.0,3.0,7.0,14.0,2.0,5.0,1.0,4.0,0.0,0.0,1.7,3.5,5.5,1.73,3.5,5.0,1.67,3.6,5.75,1.77,3.5,5.0,1.73,3.4,5.0,1.73,3.5,5.0,1.77,3.6,5.75,1.73,3.49,5.16,1.8,3.65,5.7,2.1,1.73,2.1,1.75,2.05,1.72,2.16,1.83,-0.75,1.93,1.93,1.93,1.93,1.9,1.84,2.04,1.94,1.73,3.4,5.5,1.73,3.6,5.0,1.7,3.5,5.5,1.73,3.5,5.25,1.7,3.4,5.0,1.7,3.6,5.0,1.75,3.6,5.5,1.71,3.5,5.18,1.79,3.65,5.8,2.1,1.73,2.15,1.75,2.08,1.7,2.22,1.81,-0.75,1.98,1.88,1.98,1.88,1.9,1.84,2.04,1.95,1.30957,0.83949,understat
SP1,15/09/2026,20:30,Elche,Real Madrid,2.0,3.0,A,0.0,2.0,A,0.78,3.62,11.0,20.0,3.0,4.0,21.0,8.0,2.0,5.0,4.0,2.0,0.0,0.0,12.0,7.5,1.2,13.0,7.0,1.2,13.0,8.0,1.17,9.75,7.75,1.22,13.0,7.5,1.17,13.0,8.0,1.17,13.0,8.0,1.22,11.64,7.39,1.2,15.5,8.2,1.22,1.3,3.5,1.33,3.75,1.3,3.43,1.33,3.85,2.0,2.0,1.85,2.0,1.87,1.93,1.81,2.04,1.93,12.0,7.5,1.2,13.0,7.0,1.2,15.0,7.5,1.17,9.75,7.5,1.23,12.0,7.0,1.17,12.0,7.5,1.18,15.0,7.5,1.23,12.02,7.22,1.19,15.5,8.0,1.23,1.33,3.4,1.33,3.6,1.3,3.4,1.35,3.75,2.0,2.0,1.85,2.0,1.85,1.95,1.8,2.04,1.94,1.05222,3.46121,understat
SP1,16/09/2026,18:00,Ath Madrid,Osasuna,4.0,0.0,H,1.0,0.0,H,3.99,0.48,27.0,3.0,11.0,1.0,7.0,12.0,8.0,0.0,1.0,2.0,0.0,0.0,1.38,4.75,8.5,1.4,4.6,8.5,1.36,5.0,8.5,1.41,4.75,7.5,1.36,4.75,8.0,1.36,4.6,7.5,1.41,5.0,8.6,1.38,4.73,7.91,1.43,5.1,9.2,1.73,2.1,1.73,2.12,1.7,2.08,1.81,2.2,-1.25,1.85,2.0,1.85,2.0,1.83,1.92,1.93,2.01,1.3,5.5,10.0,1.3,5.5,10.0,1.29,5.75,10.5,1.31,5.5,9.0,1.29,5.0,10.0,1.29,5.5,10.0,1.33,5.75,10.5,1.3,5.41,9.75,1.35,5.8,11.5,1.57,2.38,1.67,2.45,1.57,2.32,1.66,2.48,-1.5,1.85,2.0,1.87,2.0,1.82,1.9,1.93,2.05,5.14269,0.717926,understat
SP1,16/09/2026,18:00,La Coruna,Sevilla,0.0,1.0,A,0.0,0.0,D,0.14,0.73,4.0,11.0,3.0,6.0,15.0,16.0,4.0,4.0,1.0,4.0,1.0,0.0,2.4,3.25,3.0,2.4,3.2,3.0,2.45,3.2,3.0,2.45,3.1,3.0,2.5,3.0,3.0,2.45,2.9,3.0,2.5,3.25,3.1,2.45,3.1,3.01,2.62,3.15,3.2,2.2,1.67,2.25,1.67,2.22,1.61,2.38,1.7,0.0,1.7,2.1,1.73,2.1,1.7,2.06,1.81,2.2,2.75,3.1,2.75,2.75,3.1,2.75,2.63,3.25,2.7,2.65,3.1,2.75,2.7,2.9,2.75,2.7,3.0,2.8,2.76,3.25,2.8,2.71,3.09,2.73,2.88,3.15,2.98,2.2,1.67,2.2,1.7,2.17,1.66,2.28,1.76,0.0,1.93,1.93,1.93,1.93,1.87,1.87,1.95,2.03,0.192171,0.853244,understat
SP1,16/09/2026,20:30,Barcelona,Santander,7.0,2.0,H,4.0,1.0,H,6.74,1.98,30.0,5.0,9.0,3.0,10.0,13.0,18.0,0.0,3.0,2.0,0.0,0.0,1.06,14.0,23.0,1.06,13.0,26.0,1.06,15.0,26.0,1.07,13.0,20.0,1.05,17.0,26.0,1.04,15.0,21.0,1.07,19.0,33.0,1.06,13.81,24.23,1.08,21.0,32.0,1.13,6.0,1.13,7.0,1.1,6.31,1.14,7.4,-3.25,1.98,1.88,1.98,1.9,1.9,1.85,1.98,1.94,1.05,15.0,26.0,1.06,13.0,29.0,1.05,15.0,29.0,1.07,14.5,19.5,1.05,14.0,26.0,1.04,17.0,26.0,1.07,17.0,34.0,1.05,14.15,26.81,1.08,17.5,40.0,1.1,7.0,1.1,8.5,1.09,7.04,1.12,9.0,-3.5,1.98,1.88,2.0,1.88,1.92,1.81,2.08,1.87,7.47528,1.38402,understat
SP1,17/09/2026,18:00,Betis,Getafe,1.0,0.0,H,1.0,0.0,H,1.53,0.32,22.0,8.0,8.0,2.0,13.0,24.0,4.0,3.0,0.0,0.0,0.0,0.0,1.57,4.0,5.75,1.67,3.6,5.5,1.62,3.5,5.25,1.7,3.6,5.25,1.65,3.5,5.5,1.67,3.5,5.5,1.7,4.0,5.75,1.64,3.62,5.42,1.71,3.8,6.2,2.2,1.67,2.2,1.67,2.16,1.65,2.26,1.75,-0.75,1.73,2.08,1.8,2.08,1.79,1.95,1.93,2.03,1.53,4.0,6.5,1.5,4.0,7.0,1.5,3.9,7.5,1.5,4.2,6.75,1.44,4.0,7.5,1.44,4.2,7.0,1.53,4.2,7.5,1.49,4.05,6.99,1.55,4.3,8.0,2.0,1.8,2.0,1.85,1.95,1.81,2.08,1.9,-1.0,1.9,1.95,1.9,1.95,1.83,1.91,1.95,2.04,2.60912,0.327032,understat
SP1,17/09/2026,20:30,Malaga,Villarreal,1.0,3.0,A,1.0,2.0,A,0.63,3.33,5.0,16.0,1.0,7.0,17.0,10.0,4.0,8.0,0.0,0.0,0.0,0.0,3.6,3.7,1.95,3.5,3.75,2.0,3.4,3.6,1.9,3.7,3.7,1.95,3.5,3.7,1.95,3.5,3.6,1.95,3.8,3.8,2.0,3.53,3.69,1.94,3.75,4.0,2.04,1.62,2.3,1.65,2.3,1.61,2.23,1.66,2.42,0.5,1.9,1.95,1.9,1.95,1.83,1.9,1.94,2.04,3.5,3.6,2.05,3.25,3.5,2.1,3.5,3.5,2.0,3.3,3.5,2.1,3.4,3.4,2.05,3.4,3.6,2.05,3.6,3.65,2.15,3.39,3.54,2.06,3.65,3.75,2.16,1.67,2.2,1.7,2.2,1.66,2.16,1.78,2.26,0.5,1.8,2.05,1.8,2.05,1.74,2.0,1.84,2.16,0.361392,4.2474,understat
SP1,18/09/2026,20:00,Espanol,Elche,1.0,3.0,A,0.0,2.0,A,1.05,1.44,23.0,9.0,4.0,6.0,14.0,9.0,3.0,3.0,2.0,2.0,0.0,1.0,1.8,3.5,4.5,1.8,3.6,4.2,1.75,3.6,4.8,1.82,3.75,4.2,1.75,3.5,4.5,1.75,3.6,4.5,1.84,3.75,4.8,1.8,3.59,4.41,1.86,3.75,5.0,1.8,2.0,1.8,2.0,1.78,1.97,1.85,2.14,-0.5,1.78,2.03,1.8,2.03,1.76,1.97,1.86,2.14,1.75,3.7,4.6,1.8,3.75,4.2,1.75,3.7,4.75,1.75,3.8,4.4,1.75,3.5,4.5,1.75,3.7,4.5,1.8,3.8,4.75,1.76,3.69,4.48,1.84,3.85,5.0,1.73,2.1,1.8,2.1,1.73,2.05,1.83,2.14,-0.75,1.98,1.88,2.0,1.88,1.95,1.8,2.09,1.9,1.07744,1.25113,understat
SP1,19/09/2026,13:00,Osasuna,Vallecano,1.0,1.0,D,1.0,0.0,H,0.53,1.01,10.0,19.0,3.0,2.0,21.0,13.0,4.0,4.0,3.0,2.0,0.0,0.0,2.38,3.3,3.0,2.4,3.25,2.88,2.38,3.3,3.0,2.37,3.3,2.95,2.4,3.2,3.0,2.38,3.1,3.0,2.45,3.3,3.1,2.39,3.25,2.99,2.54,3.3,3.2,2.0,1.8,2.05,1.8,2.01,1.75,2.12,1.86,-0.25,2.05,1.8,2.05,1.8,2.0,1.75,2.15,1.83,2.63,3.25,2.7,2.6,3.25,2.75,2.63,3.3,2.7,2.6,3.25,2.7,2.7,3.0,2.7,2.7,3.1,2.7,2.7,3.3,2.83,2.64,3.19,2.71,2.86,3.25,2.9,2.1,1.73,2.1,1.78,2.06,1.73,2.22,1.8,0.0,1.88,1.98,1.9,1.98,1.86,1.89,1.99,1.99,0.926414,1.35649,understat
SP1,19/09/2026,15:15,Ath Bilbao,Alaves,0.0,0.0,D,0.0,0.0,D,1.62,0.05,24.0,2.0,6.0,0.0,14.0,13.0,5.0,1.0,2.0,0.0,0.0,0.0,1.62,4.0,5.25,1.67,3.75,5.5,1.62,3.9,5.5,1.65,3.9,5.25,1.57,3.8,5.5,1.57,3.9,5.5,1.68,4.0,5.5,1.63,3.87,5.26,1.66,4.2,6.0,1.9,1.95,1.91,1.95,1.87,1.86,1.98,2.0,-0.75,1.8,2.05,1.83,2.05,1.78,1.97,1.84,2.13,1.6,3.9,5.75,1.6,3.75,6.0,1.6,3.8,6.0,1.6,3.9,5.75,1.57,3.7,6.0,1.6,3.8,6.0,1.64,3.9,6.0,1.6,3.8,5.82,1.67,3.95,6.6,2.1,1.73,2.1,1.8,2.01,1.75,2.16,1.84,-0.75,1.78,2.1,1.78,2.1,1.74,2.03,1.84,2.14,1.46153,0.0461634,understat
SP1,19/09/2026,17:30,Celta,Santander,5.0,0.0,H,2.0,0.0,H,2.08,0.61,13.0,11.0,9.0,5.0,13.0,11.0,3.0,3.0,2.0,5.0,0.0,0.0,1.8,3.8,4.2,1.8,3.75,4.2,1.8,3.9,4.1,1.83,3.9,3.9,1.75,3.8,4.0,1.8,3.8,4.0,1.86,4.0,4.2,1.81,3.85,4.02,1.87,4.1,4.3,1.67,2.2,1.67,2.3,1.63,2.2,1.68,2.44,-0.5,1.78,2.03,1.8,2.03,1.76,1.97,1.87,2.13,1.8,3.7,4.33,1.83,3.75,4.0,1.8,3.9,4.1,1.78,3.8,4.2,1.75,3.7,4.33,1.75,3.8,4.33,1.83,3.9,4.35,1.79,3.76,4.19,1.87,3.95,4.6,1.67,2.2,1.71,2.2,1.67,2.14,1.76,2.28,-0.5,1.83,2.03,1.83,2.03,1.77,1.97,1.87,2.14,2.2295,0.719901,understat
SP1,19/09/2026,20:00,Sevilla,Barcelona,1.0,3.0,A,1.0,1.0,D,0.45,3.26,7.0,24.0,3.0,7.0,10.0,11.0,1.0,3.0,1.0,0.0,0.0,0.0,11.0,7.5,1.2,13.0,7.5,1.18,13.0,8.0,1.17,10.5,7.5,1.22,13.0,7.5,1.18,12.0,7.0,1.2,13.5,8.0,1.22,11.92,7.42,1.19,15.5,8.4,1.22,1.25,4.0,1.25,4.0,1.24,3.83,1.27,4.4,2.25,1.85,2.0,1.85,2.0,1.79,1.96,1.87,2.09,8.0,6.5,1.29,9.0,6.5,1.25,9.0,6.0,1.29,7.0,6.25,1.33,8.5,6.5,1.22,9.0,7.0,1.25,9.0,7.0,1.33,8.42,6.33,1.28,10.0,7.0,1.3,1.29,3.75,1.3,3.9,1.27,3.63,1.31,4.1,1.75,1.88,1.98,1.88,1.98,1.83,1.92,1.94,2.03,0.758355,3.56261,understat
SP1,20/09/2026,13:00,Getafe,Malaga,1.0,0.0,H,0.0,0.0,D,0.95,0.52,20.0,11.0,7.0,4.0,16.0,16.0,5.0,9.0,4.0,2.0,0.0,0.0,2.0,3.1,4.2,2.05,3.1,4.0,1.95,3.0,4.0,2.05,3.1,4.0,2.0,2.9,4.33,2.0,2.9,4.2,2.08,3.1,4.35,2.02,3.03,4.06,2.14,3.1,4.5,2.75,1.44,2.75,1.5,2.67,1.44,2.86,1.52,-0.5,2.03,1.83,2.03,1.83,1.98,1.77,2.14,1.86,1.9,3.3,4.33,1.91,3.3,4.33,1.9,3.3,4.5,1.9,3.25,4.5,1.91,3.1,4.5,1.91,3.25,4.5,1.94,3.3,4.5,1.9,3.26,4.42,1.97,3.35,5.0,2.38,1.57,2.45,1.58,2.38,1.55,2.56,1.63,-0.5,1.9,1.95,1.9,1.95,1.84,1.88,1.97,2.02,1.18796,0.660498,understat
SP1,20/09/2026,15:15,Ath Madrid,Real Madrid,2.0,1.0,H,0.0,0.0,D,2.35,0.3,18.0,8.0,9.0,3.0,19.0,6.0,3.0,1.0,2.0,2.0,0.0,1.0,3.6,3.8,1.95,3.4,3.75,2.0,3.2,3.8,1.93,3.5,3.75,1.95,3.5,3.8,1.91,3.5,3.9,1.91,3.65,3.9,2.0,3.43,3.8,1.95,3.75,4.1,2.02,1.44,2.75,1.48,2.75,1.43,2.69,1.48,2.92,0.5,1.85,2.0,1.87,2.0,1.82,1.91,1.96,2.02,3.5,3.8,2.0,3.4,3.75,2.0,3.5,4.0,1.95,3.4,3.8,2.0,3.5,3.7,1.95,3.5,3.8,1.95,3.5,4.0,2.0,3.44,3.8,1.97,3.75,3.95,2.06,1.53,2.5,1.55,2.6,1.51,2.5,1.58,2.68,0.5,1.88,1.98,1.88,1.98,1.81,1.92,1.92,2.06,2.40619,0.420774,understat
SP1,20/09/2026,17:30,La Coruna,Betis,1.0,1.0,D,0.0,1.0,A,2.09,0.8,24.0,11.0,7.0,4.0,6.0,9.0,11.0,5.0,1.0,1.0,0.0,0.0,3.4,3.75,2.05,3.3,3.6,2.1,3.25,3.4,2.05,3.5,3.4,2.1,3.3,3.6,2.0,3.25,3.6,2.0,3.5,3.75,2.15,3.32,3.51,2.07,3.5,3.85,2.14,1.8,2.0,1.85,2.0,1.79,1.94,1.86,2.12,0.5,1.75,2.05,1.75,2.08,1.73,2.02,1.86,2.14,3.7,3.9,1.9,3.6,3.75,1.95,3.75,3.6,1.95,3.6,3.6,1.98,3.75,3.5,1.91,3.75,3.7,1.95,3.9,3.9,1.98,3.72,3.65,1.93,4.0,3.7,2.06,1.8,2.0,1.83,2.05,1.77,2.0,1.91,2.08,0.5,1.88,1.98,1.88,1.98,1.84,1.88,1.95,2.04,1.93872,1.00253,understat
SP1,20/09/2026,17:30,Villarreal,Levante,3.0,1.0,H,1.0,1.0,D,4.27,0.45,21.0,6.0,7.0,1.0,9.0,10.0,7.0,1.0,1.0,1.0,0.0,0.0,1.5,4.75,5.5,1.5,4.6,6.0,1.45,4.4,5.5,1.53,4.6,5.25,1.44,4.5,5.5,1.5,4.5,5.75,1.53,4.75,6.0,1.49,4.6,5.53,1.55,5.0,6.2,1.5,2.63,1.5,2.63,1.46,2.58,1.52,2.82,-1.0,1.75,2.05,1.78,2.05,1.74,2.01,1.85,2.1,1.55,4.5,5.5,1.53,4.5,5.5,1.53,4.5,5.5,1.55,4.6,5.25,1.5,4.2,5.5,1.5,4.5,5.5,1.58,4.6,5.5,1.54,4.44,5.4,1.59,4.7,6.0,1.53,2.5,1.58,2.6,1.51,2.5,1.59,2.66,-1.0,1.9,1.95,1.9,1.95,1.85,1.89,1.95,2.02,4.28569,0.941792,understat
SP1,20/09/2026,20:00,Valencia,Sociedad,2.0,3.0,A,0.0,1.0,A,1.55,2.65,22.0,21.0,5.0,6.0,9.0,12.0,7.0,5.0,2.0,1.0,0.0,1.0,2.7,3.4,2.6,2.75,3.4,2.5,2.6,3.25,2.5,2.75,3.4,2.5,2.7,3.4,2.4,2.7,3.4,2.45,2.75,3.4,2.62,2.68,3.35,2.52,2.84,3.45,2.68,1.93,1.93,1.93,1.93,1.88,1.85,2.02,1.94,0.0,1.98,1.88,1.98,1.88,1.91,1.84,2.04,1.93,3.0,3.4,2.38,2.8,3.4,2.5,2.9,3.4,2.38,2.75,3.4,2.5,2.88,3.2,2.4,2.88,3.3,2.4,3.0,3.4,2.52,2.86,3.33,2.43,3.1,3.45,2.54,1.91,1.91,1.95,1.91,1.9,1.85,2.02,1.97,0.25,1.8,2.05,1.8,2.1,1.74,2.03,1.84,2.17,1.52762,2.33411,understat
SP1,11/10/2026,,Sociedad,La Coruna,,,,,,,,,,,,,,,,,,,,,,,,,,,,,,,,,,,,,,,,,,,,,,,,,,,,,,,,,,,,,,,,,,,,,,,,,,,,,,,,,,,,,,,,,,,,,,,,,,,,,,,,,,,,,,,
SP1,10/10/2026,,Real Madrid,Villarreal,,,,,,,,,,,,,,,,,,,,,,,,,,,,,,,,,,,,,,,,,,,,,,,,,,,,,,,,,,,,,,,,,,,,,,,,,,,,,,,,,,,,,,,,,,,,,,,,,,,,,,,,,,,,,,,
SP1,10/10/2026,,Vallecano,Ath Bilbao,,,,,,,,,,,,,,,,,,,,,,,,,,,,,,,,,,,,,,,,,,,,,,,,,,,,,,,,,,,,,,,,,,,,,,,,,,,,,,,,,,,,,,,,,,,,,,,,,,,,,,,,,,,,,,,
SP1,11/10/2026,,Santander,Valencia,,,,,,,,,,,,,,,,,,,,,,,,,,,,,,,,,,,,,,,,,,,,,,,,,,,,,,,,,,,,,,,,,,,,,,,,,,,,,,,,,,,,,,,,,,,,,,,,,,,,,,,,,,,,,,,
SP1,09/10/2026,,Malaga,Espanol,1.0,1.0,D,,,,,,15.0,9.0,8.0,3.0,,,,,,,,,,,,,,,,,,,,,,,,,,,,,,,,,,,,,,,,,,,,,,,,,,,,,,,,,,,,,,,,,,,,,,,,,,,,,,,,,,,,,,,,,,,,,,,,,0.685224,1.37967,understat
SP1,11/10/2026,,Elche,Celta,,,,,,,,,,,,,,,,,,,,,,,,,,,,,,,,,,,,,,,,,,,,,,,,,,,,,,,,,,,,,,,,,,,,,,,,,,,,,,,,,,,,,,,,,,,,,,,,,,,,,,,,,,,,,,,
SP1,10/10/2026,,Barcelona,Getafe,,,,,,,,,,,,,,,,,,,,,,,,,,,,,,,,,,,,,,,,,,,,,,,,,,,,,,,,,,,,,,,,,,,,,,,,,,,,,,,,,,,,,,,,,,,,,,,,,,,,,,,,,,,,,,,
SP1,11/10/2026,,Betis,Osasuna,,,,,,,,,,,,,,,,,,,,,,,,,,,,,,,,,,,,,,,,,,,,,,,,,,,,,,,,,,,,,,,,,,,,,,,,,,,,,,,,,,,,,,,,,,,,,,,,,,,,,,,,,,,,,,,
SP1,10/10/2026,,Alaves,Ath Madrid,,,,,,,,,,,,,,,,,,,,,,,,,,,,,,,,,,,,,,,,,,,,,,,,,,,,,,,,,,,,,,,,,,,,,,,,,,,,,,,,,,,,,,,,,,,,,,,,,,,,,,,,,,,,,,,
SP1,12/10/2026,,Levante,Sevilla,,,,,,,,,,,,,,,,,,,,,,,,,,,,,,,,,,,,,,,,,,,,,,,,,,,,,,,,,,,,,,,,,,,,,,,,,,,,,,,,,,,,,,,,,,,,,,,,,,,,,,,,,,,,,,,
SP1,17/10/2026,,Villarreal,Elche,,,,,,,,,,,,,,,,,,,,,,,,,,,,,,,,,,,,,,,,,,,,,,,,,,,,,,,,,,,,,,,,,,,,,,,,,,,,,,,,,,,,,,,,,,,,,,,,,,,,,,,,,,,,,,,
SP1,17/10/2026,,Valencia,Ath Bilbao,,,,,,,,,,,,,,,,,,,,,,,,,,,,,,,,,,,,,,,,,,,,,,,,,,,,,,,,,,,,,,,,,,,,,,,,,,,,,,,,,,,,,,,,,,,,,,,,,,,,,,,,,,,,,,,
SP1,18/10/2026,,Real Madrid,Sevilla,,,,,,,,,,,,,,,,,,,,,,,,,,,,,,,,,,,,,,,,,,,,,,,,,,,,,,,,,,,,,,,,,,,,,,,,,,,,,,,,,,,,,,,,,,,,,,,,,,,,,,,,,,,,,,,
SP1,18/10/2026,,Osasuna,Santander,,,,,,,,,,,,,,,,,,,,,,,,,,,,,,,,,,,,,,,,,,,,,,,,,,,,,,,,,,,,,,,,,,,,,,,,,,,,,,,,,,,,,,,,,,,,,,,,,,,,,,,,,,,,,,,
SP1,18/10/2026,,Malaga,Sociedad,,,,,,,,,,,,,,,,,,,,,,,,,,,,,,,,,,,,,,,,,,,,,,,,,,,,,,,,,,,,,,,,,,,,,,,,,,,,,,,,,,,,,,,,,,,,,,,,,,,,,,,,,,,,,,,
SP1,17/10/2026,,Espanol,Ath Madrid,,,,,,,,,,,,,,,,,,,,,,,,,,,,,,,,,,,,,,,,,,,,,,,,,,,,,,,,,,,,,,,,,,,,,,,,,,,,,,,,,,,,,,,,,,,,,,,,,,,,,,,,,,,,,,,
SP1,16/10/2026,,La Coruna,Levante,,,,,,,,,,,,,,,,,,,,,,,,,,,,,,,,,,,,,,,,,,,,,,,,,,,,,,,,,,,,,,,,,,,,,,,,,,,,,,,,,,,,,,,,,,,,,,,,,,,,,,,,,,,,,,,
SP1,18/10/2026,,Celta,Alaves,,,,,,,,,,,,,,,,,,,,,,,,,,,,,,,,,,,,,,,,,,,,,,,,,,,,,,,,,,,,,,,,,,,,,,,,,,,,,,,,,,,,,,,,,,,,,,,,,,,,,,,,,,,,,,,
SP1,17/10/2026,,Betis,Barcelona,,,,,,,,,,,,,,,,,,,,,,,,,,,,,,,,,,,,,,,,,,,,,,,,,,,,,,,,,,,,,,,,,,,,,,,,,,,,,,,,,,,,,,,,,,,,,,,,,,,,,,,,,,,,,,,
SP1,19/10/2026,,Getafe,Vallecano,,,,,,,,,,,,,,,,,,,,,,,,,,,,,,,,,,,,,,,,,,,,,,,,,,,,,,,,,,,,,,,,,,,,,,,,,,,,,,,,,,,,,,,,,,,,,,,,,,,,,,,,,,,,,,,
SP1,21/10/2026,,Levante,Ath Bilbao,,,,,,,,,,,,,,,,,,,,,,,,,,,,,,,,,,,,,,,,,,,,,,,,,,,,,,,,,,,,,,,,,,,,,,,,,,,,,,,,,,,,,,,,,,,,,,,,,,,,,,,,,,,,,,,
SP1,24/10/2026,,Vallecano,Elche,,,,,,,,,,,,,,,,,,,,,,,,,,,,,,,,,,,,,,,,,,,,,,,,,,,,,,,,,,,,,,,,,,,,,,,,,,,,,,,,,,,,,,,,,,,,,,,,,,,,,,,,,,,,,,,
SP1,24/10/2026,,Valencia,Villarreal,,,,,,,,,,,,,,,,,,,,,,,,,,,,,,,,,,,,,,,,,,,,,,,,,,,,,,,,,,,,,,,,,,,,,,,,,,,,,,,,,,,,,,,,,,,,,,,,,,,,,,,,,,,,,,,
SP1,26/10/2026,,Sevilla,Osasuna,,,,,,,,,,,,,,,,,,,,,,,,,,,,,,,,,,,,,,,,,,,,,,,,,,,,,,,,,,,,,,,,,,,,,,,,,,,,,,,,,,,,,,,,,,,,,,,,,,,,,,,,,,,,,,,
SP1,25/10/2026,,Sociedad,Levante,,,,,,,,,,,,,,,,,,,,,,,,,,,,,,,,,,,,,,,,,,,,,,,,,,,,,,,,,,,,,,,,,,,,,,,,,,,,,,,,,,,,,,,,,,,,,,,,,,,,,,,,,,,,,,,
SP1,24/10/2026,,Santander,Espanol,,,,,,,,,,,,,,,,,,,,,,,,,,,,,,,,,,,,,,,,,,,,,,,,,,,,,,,,,,,,,,,,,,,,,,,,,,,,,,,,,,,,,,,,,,,,,,,,,,,,,,,,,,,,,,,
SP1,25/10/2026,,Ath Bilbao,Getafe,,,,,,,,,,,,,,,,,,,,,,,,,,,,,,,,,,,,,,,,,,,,,,,,,,,,,,,,,,,,,,,,,,,,,,,,,,,,,,,,,,,,,,,,,,,,,,,,,,,,,,,,,,,,,,,
SP1,25/10/2026,,Celta,Betis,,,,,,,,,,,,,,,,,,,,,,,,,,,,,,,,,,,,,,,,,,,,,,,,,,,,,,,,,,,,,,,,,,,,,,,,,,,,,,,,,,,,,,,,,,,,,,,,,,,,,,,,,,,,,,,
SP1,24/10/2026,,Ath Madrid,La Coruna,,,,,,,,,,,,,,,,,,,,,,,,,,,,,,,,,,,,,,,,,,,,,,,,,,,,,,,,,,,,,,,,,,,,,,,,,,,,,,,,,,,,,,,,,,,,,,,,,,,,,,,,,,,,,,,
SP1,25/10/2026,,Barcelona,Real Madrid,,,,,,,,,,,,,,,,,,,,,,,,,,,,,,,,,,,,,,,,,,,,,,,,,,,,,,,,,,,,,,,,,,,,,,,,,,,,,,,,,,,,,,,,,,,,,,,,,,,,,,,,,,,,,,,
SP1,23/10/2026,,Alaves,Malaga,,,,,,,,,,,,,,,,,,,,,,,,,,,,,,,,,,,,,,,,,,,,,,,,,,,,,,,,,,,,,,,,,,,,,,,,,,,,,,,,,,,,,,,,,,,,,,,,,,,,,,,,,,,,,,,
SP1,30/10/2026,,Villarreal,Espanol,,,,,,,,,,,,,,,,,,,,,,,,,,,,,,,,,,,,,,,,,,,,,,,,,,,,,,,,,,,,,,,,,,,,,,,,,,,,,,,,,,,,,,,,,,,,,,,,,,,,,,,,,,,,,,,
SP1,31/10/2026,,Vallecano,Celta,,,,,,,,,,,,,,,,,,,,,,,,,,,,,,,,,,,,,,,,,,,,,,,,,,,,,,,,,,,,,,,,,,,,,,,,,,,,,,,,,,,,,,,,,,,,,,,,,,,,,,,,,,,,,,,
SP1,01/11/2026,,Santander,Real Madrid,,,,,,,,,,,,,,,,,,,,,,,,,,,,,,,,,,,,,,,,,,,,,,,,,,,,,,,,,,,,,,,,,,,,,,,,,,,,,,,,,,,,,,,,,,,,,,,,,,,,,,,,,,,,,,,
SP1,31/10/2026,,Levante,Ath Madrid,,,,,,,,,,,,,,,,,,,,,,,,,,,,,,,,,,,,,,,,,,,,,,,,,,,,,,,,,,,,,,,,,,,,,,,,,,,,,,,,,,,,,,,,,,,,,,,,,,,,,,,,,,,,,,,
SP1,01/11/2026,,Getafe,Sevilla,,,,,,,,,,,,,,,,,,,,,,,,,,,,,,,,,,,,,,,,,,,,,,,,,,,,,,,,,,,,,,,,,,,,,,,,,,,,,,,,,,,,,,,,,,,,,,,,,,,,,,,,,,,,,,,
SP1,01/11/2026,,Elche,Valencia,,,,,,,,,,,,,,,,,,,,,,,,,,,,,,,,,,,,,,,,,,,,,,,,,,,,,,,,,,,,,,,,,,,,,,,,,,,,,,,,,,,,,,,,,,,,,,,,,,,,,,,,,,,,,,,
SP1,01/11/2026,,La Coruna,Osasuna,,,,,,,,,,,,,,,,,,,,,,,,,,,,,,,,,,,,,,,,,,,,,,,,,,,,,,,,,,,,,,,,,,,,,,,,,,,,,,,,,,,,,,,,,,,,,,,,,,,,,,,,,,,,,,,
SP1,31/10/2026,,Betis,Malaga,,,,,,,,,,,,,,,,,,,,,,,,,,,,,,,,,,,,,,,,,,,,,,,,,,,,,,,,,,,,,,,,,,,,,,,,,,,,,,,,,,,,,,,,,,,,,,,,,,,,,,,,,,,,,,,
SP1,01/11/2026,,Ath Bilbao,Sociedad,,,,,,,,,,,,,,,,,,,,,,,,,,,,,,,,,,,,,,,,,,,,,,,,,,,,,,,,,,,,,,,,,,,,,,,,,,,,,,,,,,,,,,,,,,,,,,,,,,,,,,,,,,,,,,,
SP1,31/10/2026,,Barcelona,Alaves,,,,,,,,,,,,,,,,,,,,,,,,,,,,,,,,,,,,,,,,,,,,,,,,,,,,,,,,,,,,,,,,,,,,,,,,,,,,,,,,,,,,,,,,,,,,,,,,,,,,,,,,,,,,,,,
SP1,08/11/2026,,Sevilla,Alaves,,,,,,,,,,,,,,,,,,,,,,,,,,,,,,,,,,,,,,,,,,,,,,,,,,,,,,,,,,,,,,,,,,,,,,,,,,,,,,,,,,,,,,,,,,,,,,,,,,,,,,,,,,,,,,,
SP1,08/11/2026,,Celta,Levante,,,,,,,,,,,,,,,,,,,,,,,,,,,,,,,,,,,,,,,,,,,,,,,,,,,,,,,,,,,,,,,,,,,,,,,,,,,,,,,,,,,,,,,,,,,,,,,,,,,,,,,,,,,,,,,
SP1,08/11/2026,,Villarreal,Getafe,,,,,,,,,,,,,,,,,,,,,,,,,,,,,,,,,,,,,,,,,,,,,,,,,,,,,,,,,,,,,,,,,,,,,,,,,,,,,,,,,,,,,,,,,,,,,,,,,,,,,,,,,,,,,,,
SP1,08/11/2026,,Valencia,Real Madrid,,,,,,,,,,,,,,,,,,,,,,,,,,,,,,,,,,,,,,,,,,,,,,,,,,,,,,,,,,,,,,,,,,,,,,,,,,,,,,,,,,,,,,,,,,,,,,,,,,,,,,,,,,,,,,,
SP1,08/11/2026,,Sociedad,Vallecano,,,,,,,,,,,,,,,,,,,,,,,,,,,,,,,,,,,,,,,,,,,,,,,,,,,,,,,,,,,,,,,,,,,,,,,,,,,,,,,,,,,,,,,,,,,,,,,,,,,,,,,,,,,,,,,
SP1,08/11/2026,,Osasuna,Ath Bilbao,,,,,,,,,,,,,,,,,,,,,,,,,,,,,,,,,,,,,,,,,,,,,,,,,,,,,,,,,,,,,,,,,,,,,,,,,,,,,,,,,,,,,,,,,,,,,,,,,,,,,,,,,,,,,,,
SP1,08/11/2026,,Malaga,Santander,,,,,,,,,,,,,,,,,,,,,,,,,,,,,,,,,,,,,,,,,,,,,,,,,,,,,,,,,,,,,,,,,,,,,,,,,,,,,,,,,,,,,,,,,,,,,,,,,,,,,,,,,,,,,,,
SP1,08/11/2026,,Espanol,La Coruna,,,,,,,,,,,,,,,,,,,,,,,,,,,,,,,,,,,,,,,,,,,,,,,,,,,,,,,,,,,,,,,,,,,,,,,,,,,,,,,,,,,,,,,,,,,,,,,,,,,,,,,,,,,,,,,
SP1,08/11/2026,,Elche,Betis,,,,,,,,,,,,,,,,,,,,,,,,,,,,,,,,,,,,,,,,,,,,,,,,,,,,,,,,,,,,,,,,,,,,,,,,,,,,,,,,,,,,,,,,,,,,,,,,,,,,,,,,,,,,,,,
SP1,08/11/2026,,Ath Madrid,Barcelona,,,,,,,,,,,,,,,,,,,,,,,,,,,,,,,,,,,,,,,,,,,,,,,,,,,,,,,,,,,,,,,,,,,,,,,,,,,,,,,,,,,,,,,,,,,,,,,,,,,,,,,,,,,,,,,
SP1,22/11/2026,,Vallecano,Valencia,,,,,,,,,,,,,,,,,,,,,,,,,,,,,,,,,,,,,,,,,,,,,,,,,,,,,,,,,,,,,,,,,,,,,,,,,,,,,,,,,,,,,,,,,,,,,,,,,,,,,,,,,,,,,,,
SP1,22/11/2026,,Santander,Sociedad,,,,,,,,,,,,,,,,,,,,,,,,,,,,,,,,,,,,,,,,,,,,,,,,,,,,,,,,,,,,,,,,,,,,,,,,,,,,,,,,,,,,,,,,,,,,,,,,,,,,,,,,,,,,,,,
SP1,22/11/2026,,Real Madrid,Celta,,,,,,,,,,,,,,,,,,,,,,,,,,,,,,,,,,,,,,,,,,,,,,,,,,,,,,,,,,,,,,,,,,,,,,,,,,,,,,,,,,,,,,,,,,,,,,,,,,,,,,,,,,,,,,,
SP1,22/11/2026,,Sevilla,Betis,,,,,,,,,,,,,,,,,,,,,,,,,,,,,,,,,,,,,,,,,,,,,,,,,,,,,,,,,,,,,,,,,,,,,,,,,,,,,,,,,,,,,,,,,,,,,,,,,,,,,,,,,,,,,,,
SP1,22/11/2026,,Osasuna,Malaga,,,,,,,,,,,,,,,,,,,,,,,,,,,,,,,,,,,,,,,,,,,,,,,,,,,,,,,,,,,,,,,,,,,,,,,,,,,,,,,,,,,,,,,,,,,,,,,,,,,,,,,,,,,,,,,
SP1,22/11/2026,,Levante,Elche,,,,,,,,,,,,,,,,,,,,,,,,,,,,,,,,,,,,,,,,,,,,,,,,,,,,,,,,,,,,,,,,,,,,,,,,,,,,,,,,,,,,,,,,,,,,,,,,,,,,,,,,,,,,,,,
SP1,22/11/2026,,Getafe,Ath Madrid,,,,,,,,,,,,,,,,,,,,,,,,,,,,,,,,,,,,,,,,,,,,,,,,,,,,,,,,,,,,,,,,,,,,,,,,,,,,,,,,,,,,,,,,,,,,,,,,,,,,,,,,,,,,,,,
SP1,22/11/2026,,Barcelona,Villarreal,,,,,,,,,,,,,,,,,,,,,,,,,,,,,,,,,,,,,,,,,,,,,,,,,,,,,,,,,,,,,,,,,,,,,,,,,,,,,,,,,,,,,,,,,,,,,,,,,,,,,,,,,,,,,,,
SP1,22/11/2026,,Ath Bilbao,Espanol,,,,,,,,,,,,,,,,,,,,,,,,,,,,,,,,,,,,,,,,,,,,,,,,,,,,,,,,,,,,,,,,,,,,,,,,,,,,,,,,,,,,,,,,,,,,,,,,,,,,,,,,,,,,,,,
SP1,22/11/2026,,Alaves,La Coruna,,,,,,,,,,,,,,,,,,,,,,,,,,,,,,,,,,,,,,,,,,,,,,,,,,,,,,,,,,,,,,,,,,,,,,,,,,,,,,,,,,,,,,,,,,,,,,,,,,,,,,,,,,,,,,,
SP1,29/11/2026,,Levante,Santander,,,,,,,,,,,,,,,,,,,,,,,,,,,,,,,,,,,,,,,,,,,,,,,,,,,,,,,,,,,,,,,,,,,,,,,,,,,,,,,,,,,,,,,,,,,,,,,,,,,,,,,,,,,,,,,
SP1,29/11/2026,,Malaga,Ath Bilbao,,,,,,,,,,,,,,,,,,,,,,,,,,,,,,,,,,,,,,,,,,,,,,,,,,,,,,,,,,,,,,,,,,,,,,,,,,,,,,,,,,,,,,,,,,,,,,,,,,,,,,,,,,,,,,,
SP1,29/11/2026,,Real Madrid,Alaves,,,,,,,,,,,,,,,,,,,,,,,,,,,,,,,,,,,,,,,,,,,,,,,,,,,,,,,,,,,,,,,,,,,,,,,,,,,,,,,,,,,,,,,,,,,,,,,,,,,,,,,,,,,,,,,
SP1,29/11/2026,,Sociedad,Sevilla,,,,,,,,,,,,,,,,,,,,,,,,,,,,,,,,,,,,,,,,,,,,,,,,,,,,,,,,,,,,,,,,,,,,,,,,,,,,,,,,,,,,,,,,,,,,,,,,,,,,,,,,,,,,,,,
SP1,29/11/2026,,Valencia,Osasuna,,,,,,,,,,,,,,,,,,,,,,,,,,,,,,,,,,,,,,,,,,,,,,,,,,,,,,,,,,,,,,,,,,,,,,,,,,,,,,,,,,,,,,,,,,,,,,,,,,,,,,,,,,,,,,,
SP1,29/11/2026,,La Coruna,Barcelona,,,,,,,,,,,,,,,,,,,,,,,,,,,,,,,,,,,,,,,,,,,,,,,,,,,,,,,,,,,,,,,,,,,,,,,,,,,,,,,,,,,,,,,,,,,,,,,,,,,,,,,,,,,,,,,
SP1,29/11/2026,,Elche,Ath Madrid,,,,,,,,,,,,,,,,,,,,,,,,,,,,,,,,,,,,,,,,,,,,,,,,,,,,,,,,,,,,,,,,,,,,,,,,,,,,,,,,,,,,,,,,,,,,,,,,,,,,,,,,,,,,,,,
SP1,29/11/2026,,Espanol,Getafe,,,,,,,,,,,,,,,,,,,,,,,,,,,,,,,,,,,,,,,,,,,,,,,,,,,,,,,,,,,,,,,,,,,,,,,,,,,,,,,,,,,,,,,,,,,,,,,,,,,,,,,,,,,,,,,
SP1,29/11/2026,,Betis,Vallecano,,,,,,,,,,,,,,,,,,,,,,,,,,,,,,,,,,,,,,,,,,,,,,,,,,,,,,,,,,,,,,,,,,,,,,,,,,,,,,,,,,,,,,,,,,,,,,,,,,,,,,,,,,,,,,,
SP1,29/11/2026,,Celta,Villarreal,,,,,,,,,,,,,,,,,,,,,,,,,,,,,,,,,,,,,,,,,,,,,,,,,,,,,,,,,,,,,,,,,,,,,,,,,,,,,,,,,,,,,,,,,,,,,,,,,,,,,,,,,,,,,,,
SP1,06/12/2026,,Villarreal,Sociedad,,,,,,,,,,,,,,,,,,,,,,,,,,,,,,,,,,,,,,,,,,,,,,,,,,,,,,,,,,,,,,,,,,,,,,,,,,,,,,,,,,,,,,,,,,,,,,,,,,,,,,,,,,,,,,,
SP1,06/12/2026,,Sevilla,Malaga,,,,,,,,,,,,,,,,,,,,,,,,,,,,,,,,,,,,,,,,,,,,,,,,,,,,,,,,,,,,,,,,,,,,,,,,,,,,,,,,,,,,,,,,,,,,,,,,,,,,,,,,,,,,,,,
SP1,06/12/2026,,Vallecano,Levante,,,,,,,,,,,,,,,,,,,,,,,,,,,,,,,,,,,,,,,,,,,,,,,,,,,,,,,,,,,,,,,,,,,,,,,,,,,,,,,,,,,,,,,,,,,,,,,,,,,,,,,,,,,,,,,
SP1,06/12/2026,,Santander,La Coruna,,,,,,,,,,,,,,,,,,,,,,,,,,,,,,,,,,,,,,,,,,,,,,,,,,,,,,,,,,,,,,,,,,,,,,,,,,,,,,,,,,,,,,,,,,,,,,,,,,,,,,,,,,,,,,,
SP1,06/12/2026,,Osasuna,Elche,,,,,,,,,,,,,,,,,,,,,,,,,,,,,,,,,,,,,,,,,,,,,,,,,,,,,,,,,,,,,,,,,,,,,,,,,,,,,,,,,,,,,,,,,,,,,,,,,,,,,,,,,,,,,,,
SP1,06/12/2026,,Getafe,Valencia,,,,,,,,,,,,,,,,,,,,,,,,,,,,,,,,,,,,,,,,,,,,,,,,,,,,,,,,,,,,,,,,,,,,,,,,,,,,,,,,,,,,,,,,,,,,,,,,,,,,,,,,,,,,,,,
SP1,06/12/2026,,Barcelona,Celta,,,,,,,,,,,,,,,,,,,,,,,,,,,,,,,,,,,,,,,,,,,,,,,,,,,,,,,,,,,,,,,,,,,,,,,,,,,,,,,,,,,,,,,,,,,,,,,,,,,,,,,,,,,,,,,
SP1,06/12/2026,,Ath Madrid,Betis,,,,,,,,,,,,,,,,,,,,,,,,,,,,,,,,,,,,,,,,,,,,,,,,,,,,,,,,,,,,,,,,,,,,,,,,,,,,,,,,,,,,,,,,,,,,,,,,,,,,,,,,,,,,,,,
SP1,06/12/2026,,Ath Bilbao,Real Madrid,,,,,,,,,,,,,,,,,,,,,,,,,,,,,,,,,,,,,,,,,,,,,,,,,,,,,,,,,,,,,,,,,,,,,,,,,,,,,,,,,,,,,,,,,,,,,,,,,,,,,,,,,,,,,,,
SP1,06/12/2026,,Alaves,Espanol,,,,,,,,,,,,,,,,,,,,,,,,,,,,,,,,,,,,,,,,,,,,,,,,,,,,,,,,,,,,,,,,,,,,,,,,,,,,,,,,,,,,,,,,,,,,,,,,,,,,,,,,,,,,,,,
SP1,13/12/2026,,Sociedad,Getafe,,,,,,,,,,,,,,,,,,,,,,,,,,,,,,,,,,,,,,,,,,,,,,,,,,,,,,,,,,,,,,,,,,,,,,,,,,,,,,,,,,,,,,,,,,,,,,,,,,,,,,,,,,,,,,,
SP1,13/12/2026,,Real Madrid,Osasuna,,,,,,,,,,,,,,,,,,,,,,,,,,,,,,,,,,,,,,,,,,,,,,,,,,,,,,,,,,,,,,,,,,,,,,,,,,,,,,,,,,,,,,,,,,,,,,,,,,,,,,,,,,,,,,,
SP1,13/12/2026,,Malaga,Barcelona,,,,,,,,,,,,,,,,,,,,,,,,,,,,,,,,,,,,,,,,,,,,,,,,,,,,,,,,,,,,,,,,,,,,,,,,,,,,,,,,,,,,,,,,,,,,,,,,,,,,,,,,,,,,,,,
SP1,13/12/2026,,Levante,Alaves,,,,,,,,,,,,,,,,,,,,,,,,,,,,,,,,,,,,,,,,,,,,,,,,,,,,,,,,,,,,,,,,,,,,,,,,,,,,,,,,,,,,,,,,,,,,,,,,,,,,,,,,,,,,,,,
SP1,13/12/2026,,Villarreal,Vallecano,,,,,,,,,,,,,,,,,,,,,,,,,,,,,,,,,,,,,,,,,,,,,,,,,,,,,,,,,,,,,,,,,,,,,,,,,,,,,,,,,,,,,,,,,,,,,,,,,,,,,,,,,,,,,,,
SP1,13/12/2026,,Elche,Sevilla,,,,,,,,,,,,,,,,,,,,,,,,,,,,,,,,,,,,,,,,,,,,,,,,,,,,,,,,,,,,,,,,,,,,,,,,,,,,,,,,,,,,,,,,,,,,,,,,,,,,,,,,,,,,,,,
SP1,13/12/2026,,La Coruna,Ath Bilbao,,,,,,,,,,,,,,,,,,,,,,,,,,,,,,,,,,,,,,,,,,,,,,,,,,,,,,,,,,,,,,,,,,,,,,,,,,,,,,,,,,,,,,,,,,,,,,,,,,,,,,,,,,,,,,,
SP1,13/12/2026,,Betis,Santander,,,,,,,,,,,,,,,,,,,,,,,,,,,,,,,,,,,,,,,,,,,,,,,,,,,,,,,,,,,,,,,,,,,,,,,,,,,,,,,,,,,,,,,,,,,,,,,,,,,,,,,,,,,,,,,
SP1,13/12/2026,,Ath Madrid,Valencia,,,,,,,,,,,,,,,,,,,,,,,,,,,,,,,,,,,,,,,,,,,,,,,,,,,,,,,,,,,,,,,,,,,,,,,,,,,,,,,,,,,,,,,,,,,,,,,,,,,,,,,,,,,,,,,
SP1,13/12/2026,,Espanol,Celta,,,,,,,,,,,,,,,,,,,,,,,,,,,,,,,,,,,,,,,,,,,,,,,,,,,,,,,,,,,,,,,,,,,,,,,,,,,,,,,,,,,,,,,,,,,,,,,,,,,,,,,,,,,,,,,
SP1,20/12/2026,,Sevilla,Santander,,,,,,,,,,,,,,,,,,,,,,,,,,,,,,,,,,,,,,,,,,,,,,,,,,,,,,,,,,,,,,,,,,,,,,,,,,,,,,,,,,,,,,,,,,,,,,,,,,,,,,,,,,,,,,,
SP1,20/12/2026,,Vallecano,Malaga,,,,,,,,,,,,,,,,,,,,,,,,,,,,,,,,,,,,,,,,,,,,,,,,,,,,,,,,,,,,,,,,,,,,,,,,,,,,,,,,,,,,,,,,,,,,,,,,,,,,,,,,,,,,,,,
SP1,20/12/2026,,Osasuna,Villarreal,,,,,,,,,,,,,,,,,,,,,,,,,,,,,,,,,,,,,,,,,,,,,,,,,,,,,,,,,,,,,,,,,,,,,,,,,,,,,,,,,,,,,,,,,,,,,,,,,,,,,,,,,,,,,,,
SP1,20/12/2026,,Getafe,Levante,,,,,,,,,,,,,,,,,,,,,,,,,,,,,,,,,,,,,,,,,,,,,,,,,,,,,,,,,,,,,,,,,,,,,,,,,,,,,,,,,,,,,,,,,,,,,,,,,,,,,,,,,,,,,,,
SP1,20/12/2026,,Valencia,Espanol,,,,,,,,,,,,,,,,,,,,,,,,,,,,,,,,,,,,,,,,,,,,,,,,,,,,,,,,,,,,,,,,,,,,,,,,,,,,,,,,,,,,,,,,,,,,,,,,,,,,,,,,,,,,,,,
SP1,20/12/2026,,La Coruna,Real Madrid,,,,,,,,,,,,,,,,,,,,,,,,,,,,,,,,,,,,,,,,,,,,,,,,,,,,,,,,,,,,,,,,,,,,,,,,,,,,,,,,,,,,,,,,,,,,,,,,,,,,,,,,,,,,,,,
SP1,20/12/2026,,Celta,Ath Madrid,,,,,,,,,,,,,,,,,,,,,,,,,,,,,,,,,,,,,,,,,,,,,,,,,,,,,,,,,,,,,,,,,,,,,,,,,,,,,,,,,,,,,,,,,,,,,,,,,,,,,,,,,,,,,,,
SP1,20/12/2026,,Ath Bilbao,Betis,,,,,,,,,,,,,,,,,,,,,,,,,,,,,,,,,,,,,,,,,,,,,,,,,,,,,,,,,,,,,,,,,,,,,,,,,,,,,,,,,,,,,,,,,,,,,,,,,,,,,,,,,,,,,,,
SP1,20/12/2026,,Alaves,Elche,,,,,,,,,,,,,,,,,,,,,,,,,,,,,,,,,,,,,,,,,,,,,,,,,,,,,,,,,,,,,,,,,,,,,,,,,,,,,,,,,,,,,,,,,,,,,,,,,,,,,,,,,,,,,,,
SP1,20/12/2026,,Barcelona,Sociedad,,,,,,,,,,,,,,,,,,,,,,,,,,,,,,,,,,,,,,,,,,,,,,,,,,,,,,,,,,,,,,,,,,,,,,,,,,,,,,,,,,,,,,,,,,,,,,,,,,,,,,,,,,,,,,,
SP1,03/01/2027,,Villarreal,Sevilla,,,,,,,,,,,,,,,,,,,,,,,,,,,,,,,,,,,,,,,,,,,,,,,,,,,,,,,,,,,,,,,,,,,,,,,,,,,,,,,,,,,,,,,,,,,,,,,,,,,,,,,,,,,,,,,
SP1,03/01/2027,,Sociedad,Osasuna,,,,,,,,,,,,,,,,,,,,,,,,,,,,,,,,,,,,,,,,,,,,,,,,,,,,,,,,,,,,,,,,,,,,,,,,,,,,,,,,,,,,,,,,,,,,,,,,,,,,,,,,,,,,,,,
SP1,03/01/2027,,Real Madrid,Getafe,,,,,,,,,,,,,,,,,,,,,,,,,,,,,,,,,,,,,,,,,,,,,,,,,,,,,,,,,,,,,,,,,,,,,,,,,,,,,,,,,,,,,,,,,,,,,,,,,,,,,,,,,,,,,,,
SP1,03/01/2027,,Vallecano,Ath Madrid,,,,,,,,,,,,,,,,,,,,,,,,,,,,,,,,,,,,,,,,,,,,,,,,,,,,,,,,,,,,,,,,,,,,,,,,,,,,,,,,,,,,,,,,,,,,,,,,,,,,,,,,,,,,,,,
SP1,03/01/2027,,Santander,Ath Bilbao,,,,,,,,,,,,,,,,,,,,,,,,,,,,,,,,,,,,,,,,,,,,,,,,,,,,,,,,,,,,,,,,,,,,,,,,,,,,,,,,,,,,,,,,,,,,,,,,,,,,,,,,,,,,,,,
SP1,03/01/2027,,Malaga,Elche,,,,,,,,,,,,,,,,,,,,,,,,,,,,,,,,,,,,,,,,,,,,,,,,,,,,,,,,,,,,,,,,,,,,,,,,,,,,,,,,,,,,,,,,,,,,,,,,,,,,,,,,,,,,,,,
SP1,03/01/2027,,Espanol,Barcelona,,,,,,,,,,,,,,,,,,,,,,,,,,,,,,,,,,,,,,,,,,,,,,,,,,,,,,,,,,,,,,,,,,,,,,,,,,,,,,,,,,,,,,,,,,,,,,,,,,,,,,,,,,,,,,,
SP1,03/01/2027,,Celta,La Coruna,,,,,,,,,,,,,,,,,,,,,,,,,,,,,,,,,,,,,,,,,,,,,,,,,,,,,,,,,,,,,,,,,,,,,,,,,,,,,,,,,,,,,,,,,,,,,,,,,,,,,,,,,,,,,,,
SP1,03/01/2027,,Betis,Alaves,,,,,,,,,,,,,,,,,,,,,,,,,,,,,,,,,,,,,,,,,,,,,,,,,,,,,,,,,,,,,,,,,,,,,,,,,,,,,,,,,,,,,,,,,,,,,,,,,,,,,,,,,,,,,,,
SP1,03/01/2027,,Levante,Valencia,,,,,,,,,,,,,,,,,,,,,,,,,,,,,,,,,,,,,,,,,,,,,,,,,,,,,,,,,,,,,,,,,,,,,,,,,,,,,,,,,,,,,,,,,,,,,,,,,,,,,,,,,,,,,,,
SP1,10/01/2027,,Osasuna,Barcelona,,,,,,,,,,,,,,,,,,,,,,,,,,,,,,,,,,,,,,,,,,,,,,,,,,,,,,,,,,,,,,,,,,,,,,,,,,,,,,,,,,,,,,,,,,,,,,,,,,,,,,,,,,,,,,,
SP1,10/01/2027,,Sevilla,Celta,,,,,,,,,,,,,,,,,,,,,,,,,,,,,,,,,,,,,,,,,,,,,,,,,,,,,,,,,,,,,,,,,,,,,,,,,,,,,,,,,,,,,,,,,,,,,,,,,,,,,,,,,,,,,,,
SP1,10/01/2027,,Real Madrid,Levante,,,,,,,,,,,,,,,,,,,,,,,,,,,,,,,,,,,,,,,,,,,,,,,,,,,,,,,,,,,,,,,,,,,,,,,,,,,,,,,,,,,,,,,,,,,,,,,,,,,,,,,,,,,,,,,
SP1,10/01/2027,,Espanol,Betis,,,,,,,,,,,,,,,,,,,,,,,,,,,,,,,,,,,,,,,,,,,,,,,,,,,,,,,,,,,,,,,,,,,,,,,,,,,,,,,,,,,,,,,,,,,,,,,,,,,,,,,,,,,,,,,
SP1,10/01/2027,,Valencia,Malaga,,,,,,,,,,,,,,,,,,,,,,,,,,,,,,,,,,,,,,,,,,,,,,,,,,,,,,,,,,,,,,,,,,,,,,,,,,,,,,,,,,,,,,,,,,,,,,,,,,,,,,,,,,,,,,,
SP1,10/01/2027,,La Coruna,Vallecano,,,,,,,,,,,,,,,,,,,,,,,,,,,,,,,,,,,,,,,,,,,,,,,,,,,,,,,,,,,,,,,,,,,,,,,,,,,,,,,,,,,,,,,,,,,,,,,,,,,,,,,,,,,,,,,
SP1,10/01/2027,,Ath Madrid,Santander,,,,,,,,,,,,,,,,,,,,,,,,,,,,,,,,,,,,,,,,,,,,,,,,,,,,,,,,,,,,,,,,,,,,,,,,,,,,,,,,,,,,,,,,,,,,,,,,,,,,,,,,,,,,,,,
SP1,10/01/2027,,Ath Bilbao,Villarreal,,,,,,,,,,,,,,,,,,,,,,,,,,,,,,,,,,,,,,,,,,,,,,,,,,,,,,,,,,,,,,,,,,,,,,,,,,,,,,,,,,,,,,,,,,,,,,,,,,,,,,,,,,,,,,,
SP1,10/01/2027,,Alaves,Sociedad,,,,,,,,,,,,,,,,,,,,,,,,,,,,,,,,,,,,,,,,,,,,,,,,,,,,,,,,,,,,,,,,,,,,,,,,,,,,,,,,,,,,,,,,,,,,,,,,,,,,,,,,,,,,,,,
SP1,10/01/2027,,Elche,Getafe,,,,,,,,,,,,,,,,,,,,,,,,,,,,,,,,,,,,,,,,,,,,,,,,,,,,,,,,,,,,,,,,,,,,,,,,,,,,,,,,,,,,,,,,,,,,,,,,,,,,,,,,,,,,,,,
SP1,17/01/2027,,Villarreal,Alaves,,,,,,,,,,,,,,,,,,,,,,,,,,,,,,,,,,,,,,,,,,,,,,,,,,,,,,,,,,,,,,,,,,,,,,,,,,,,,,,,,,,,,,,,,,,,,,,,,,,,,,,,,,,,,,,
SP1,17/01/2027,,Vallecano,Sevilla,,,,,,,,,,,,,,,,,,,,,,,,,,,,,,,,,,,,,,,,,,,,,,,,,,,,,,,,,,,,,,,,,,,,,,,,,,,,,,,,,,,,,,,,,,,,,,,,,,,,,,,,,,,,,,,
SP1,17/01/2027,,Santander,Osasuna,,,,,,,,,,,,,,,,,,,,,,,,,,,,,,,,,,,,,,,,,,,,,,,,,,,,,,,,,,,,,,,,,,,,,,,,,,,,,,,,,,,,,,,,,,,,,,,,,,,,,,,,,,,,,,,
SP1,17/01/2027,,Malaga,Real Madrid,,,,,,,,,,,,,,,,,,,,,,,,,,,,,,,,,,,,,,,,,,,,,,,,,,,,,,,,,,,,,,,,,,,,,,,,,,,,,,,,,,,,,,,,,,,,,,,,,,,,,,,,,,,,,,,
SP1,17/01/2027,,Levante,Espanol,,,,,,,,,,,,,,,,,,,,,,,,,,,,,,,,,,,,,,,,,,,,,,,,,,,,,,,,,,,,,,,,,,,,,,,,,,,,,,,,,,,,,,,,,,,,,,,,,,,,,,,,,,,,,,,
SP1,17/01/2027,,Getafe,Ath Bilbao,,,,,,,,,,,,,,,,,,,,,,,,,,,,,,,,,,,,,,,,,,,,,,,,,,,,,,,,,,,,,,,,,,,,,,,,,,,,,,,,,,,,,,,,,,,,,,,,,,,,,,,,,,,,,,,
SP1,17/01/2027,,Barcelona,Elche,,,,,,,,,,,,,,,,,,,,,,,,,,,,,,,,,,,,,,,,,,,,,,,,,,,,,,,,,,,,,,,,,,,,,,,,,,,,,,,,,,,,,,,,,,,,,,,,,,,,,,,,,,,,,,,
SP1,17/01/2027,,Celta,Valencia,,,,,,,,,,,,,,,,,,,,,,,,,,,,,,,,,,,,,,,,,,,,,,,,,,,,,,,,,,,,,,,,,,,,,,,,,,,,,,,,,,,,,,,,,,,,,,,,,,,,,,,,,,,,,,,
SP1,17/01/2027,,Betis,La Coruna,,,,,,,,,,,,,,,,,,,,,,,,,,,,,,,,,,,,,,,,,,,,,,,,,,,,,,,,,,,,,,,,,,,,,,,,,,,,,,,,,,,,,,,,,,,,,,,,,,,,,,,,,,,,,,,
SP1,17/01/2027,,Ath Madrid,Sociedad,,,,,,,,,,,,,,,,,,,,,,,,,,,,,,,,,,,,,,,,,,,,,,,,,,,,,,,,,,,,,,,,,,,,,,,,,,,,,,,,,,,,,,,,,,,,,,,,,,,,,,,,,,,,,,,
SP1,24/01/2027,,Valencia,Sevilla,,,,,,,,,,,,,,,,,,,,,,,,,,,,,,,,,,,,,,,,,,,,,,,,,,,,,,,,,,,,,,,,,,,,,,,,,,,,,,,,,,,,,,,,,,,,,,,,,,,,,,,,,,,,,,,
SP1,24/01/2027,,Espanol,Villarreal,,,,,,,,,,,,,,,,,,,,,,,,,,,,,,,,,,,,,,,,,,,,,,,,,,,,,,,,,,,,,,,,,,,,,,,,,,,,,,,,,,,,,,,,,,,,,,,,,,,,,,,,,,,,,,,
SP1,24/01/2027,,Getafe,Osasuna,,,,,,,,,,,,,,,,,,,,,,,,,,,,,,,,,,,,,,,,,,,,,,,,,,,,,,,,,,,,,,,,,,,,,,,,,,,,,,,,,,,,,,,,,,,,,,,,,,,,,,,,,,,,,,,
SP1,24/01/2027,,Santander,Celta,,,,,,,,,,,,,,,,,,,,,,,,,,,,,,,,,,,,,,,,,,,,,,,,,,,,,,,,,,,,,,,,,,,,,,,,,,,,,,,,,,,,,,,,,,,,,,,,,,,,,,,,,,,,,,,
SP1,24/01/2027,,Sociedad,Malaga,,,,,,,,,,,,,,,,,,,,,,,,,,,,,,,,,,,,,,,,,,,,,,,,,,,,,,,,,,,,,,,,,,,,,,,,,,,,,,,,,,,,,,,,,,,,,,,,,,,,,,,,,,,,,,,
SP1,24/01/2027,,Elche,Vallecano,,,,,,,,,,,,,,,,,,,,,,,,,,,,,,,,,,,,,,,,,,,,,,,,,,,,,,,,,,,,,,,,,,,,,,,,,,,,,,,,,,,,,,,,,,,,,,,,,,,,,,,,,,,,,,,
SP1,24/01/2027,,La Coruna,Ath Madrid,,,,,,,,,,,,,,,,,,,,,,,,,,,,,,,,,,,,,,,,,,,,,,,,,,,,,,,,,,,,,,,,,,,,,,,,,,,,,,,,,,,,,,,,,,,,,,,,,,,,,,,,,,,,,,,
SP1,24/01/2027,,Ath Bilbao,Levante,,,,,,,,,,,,,,,,,,,,,,,,,,,,,,,,,,,,,,,,,,,,,,,,,,,,,,,,,,,,,,,,,,,,,,,,,,,,,,,,,,,,,,,,,,,,,,,,,,,,,,,,,,,,,,,
SP1,24/01/2027,,Alaves,Barcelona,,,,,,,,,,,,,,,,,,,,,,,,,,,,,,,,,,,,,,,,,,,,,,,,,,,,,,,,,,,,,,,,,,,,,,,,,,,,,,,,,,,,,,,,,,,,,,,,,,,,,,,,,,,,,,,
SP1,24/01/2027,,Real Madrid,Betis,,,,,,,,,,,,,,,,,,,,,,,,,,,,,,,,,,,,,,,,,,,,,,,,,,,,,,,,,,,,,,,,,,,,,,,,,,,,,,,,,,,,,,,,,,,,,,,,,,,,,,,,,,,,,,,
SP1,31/01/2027,,Vallecano,Real Madrid,,,,,,,,,,,,,,,,,,,,,,,,,,,,,,,,,,,,,,,,,,,,,,,,,,,,,,,,,,,,,,,,,,,,,,,,,,,,,,,,,,,,,,,,,,,,,,,,,,,,,,,,,,,,,,,
SP1,31/01/2027,,Sevilla,Ath Bilbao,,,,,,,,,,,,,,,,,,,,,,,,,,,,,,,,,,,,,,,,,,,,,,,,,,,,,,,,,,,,,,,,,,,,,,,,,,,,,,,,,,,,,,,,,,,,,,,,,,,,,,,,,,,,,,,
SP1,31/01/2027,,Villarreal,Santander,,,,,,,,,,,,,,,,,,,,,,,,,,,,,,,,,,,,,,,,,,,,,,,,,,,,,,,,,,,,,,,,,,,,,,,,,,,,,,,,,,,,,,,,,,,,,,,,,,,,,,,,,,,,,,,
SP1,31/01/2027,,Celta,Getafe,,,,,,,,,,,,,,,,,,,,,,,,,,,,,,,,,,,,,,,,,,,,,,,,,,,,,,,,,,,,,,,,,,,,,,,,,,,,,,,,,,,,,,,,,,,,,,,,,,,,,,,,,,,,,,,
SP1,31/01/2027,,Osasuna,La Coruna,,,,,,,,,,,,,,,,,,,,,,,,,,,,,,,,,,,,,,,,,,,,,,,,,,,,,,,,,,,,,,,,,,,,,,,,,,,,,,,,,,,,,,,,,,,,,,,,,,,,,,,,,,,,,,,
SP1,31/01/2027,,Levante,Sociedad,,,,,,,,,,,,,,,,,,,,,,,,,,,,,,,,,,,,,,,,,,,,,,,,,,,,,,,,,,,,,,,,,,,,,,,,,,,,,,,,,,,,,,,,,,,,,,,,,,,,,,,,,,,,,,,
SP1,31/01/2027,,Malaga,Alaves,,,,,,,,,,,,,,,,,,,,,,,,,,,,,,,,,,,,,,,,,,,,,,,,,,,,,,,,,,,,,,,,,,,,,,,,,,,,,,,,,,,,,,,,,,,,,,,,,,,,,,,,,,,,,,,
SP1,31/01/2027,,Ath Madrid,Espanol,,,,,,,,,,,,,,,,,,,,,,,,,,,,,,,,,,,,,,,,,,,,,,,,,,,,,,,,,,,,,,,,,,,,,,,,,,,,,,,,,,,,,,,,,,,,,,,,,,,,,,,,,,,,,,,
SP1,31/01/2027,,Betis,Elche,,,,,,,,,,,,,,,,,,,,,,,,,,,,,,,,,,,,,,,,,,,,,,,,,,,,,,,,,,,,,,,,,,,,,,,,,,,,,,,,,,,,,,,,,,,,,,,,,,,,,,,,,,,,,,,
SP1,31/01/2027,,Barcelona,Valencia,,,,,,,,,,,,,,,,,,,,,,,,,,,,,,,,,,,,,,,,,,,,,,,,,,,,,,,,,,,,,,,,,,,,,,,,,,,,,,,,,,,,,,,,,,,,,,,,,,,,,,,,,,,,,,,
SP1,07/02/2027,,Valencia,Santander,,,,,,,,,,,,,,,,,,,,,,,,,,,,,,,,,,,,,,,,,,,,,,,,,,,,,,,,,,,,,,,,,,,,,,,,,,,,,,,,,,,,,,,,,,,,,,,,,,,,,,,,,,,,,,,
SP1,07/02/2027,,Sociedad,Real Madrid,,,,,,,,,,,,,,,,,,,,,,,,,,,,,,,,,,,,,,,,,,,,,,,,,,,,,,,,,,,,,,,,,,,,,,,,,,,,,,,,,,,,,,,,,,,,,,,,,,,,,,,,,,,,,,,
SP1,07/02/2027,,Getafe,Villarreal,,,,,,,,,,,,,,,,,,,,,,,,,,,,,,,,,,,,,,,,,,,,,,,,,,,,,,,,,,,,,,,,,,,,,,,,,,,,,,,,,,,,,,,,,,,,,,,,,,,,,,,,,,,,,,,
SP1,07/02/2027,,Barcelona,Ath Madrid,,,,,,,,,,,,,,,,,,,,,,,,,,,,,,,,,,,,,,,,,,,,,,,,,,,,,,,,,,,,,,,,,,,,,,,,,,,,,,,,,,,,,,,,,,,,,,,,,,,,,,,,,,,,,,,
SP1,07/02/2027,,Espanol,Vallecano,,,,,,,,,,,,,,,,,,,,,,,,,,,,,,,,,,,,,,,,,,,,,,,,,,,,,,,,,,,,,,,,,,,,,,,,,,,,,,,,,,,,,,,,,,,,,,,,,,,,,,,,,,,,,,,
SP1,07/02/2027,,Elche,Levante,,,,,,,,,,,,,,,,,,,,,,,,,,,,,,,,,,,,,,,,,,,,,,,,,,,,,,,,,,,,,,,,,,,,,,,,,,,,,,,,,,,,,,,,,,,,,,,,,,,,,,,,,,,,,,,
SP1,07/02/2027,,Betis,Sevilla,,,,,,,,,,,,,,,,,,,,,,,,,,,,,,,,,,,,,,,,,,,,,,,,,,,,,,,,,,,,,,,,,,,,,,,,,,,,,,,,,,,,,,,,,,,,,,,,,,,,,,,,,,,,,,,
SP1,07/02/2027,,Ath Bilbao,Osasuna,,,,,,,,,,,,,,,,,,,,,,,,,,,,,,,,,,,,,,,,,,,,,,,,,,,,,,,,,,,,,,,,,,,,,,,,,,,,,,,,,,,,,,,,,,,,,,,,,,,,,,,,,,,,,,,
SP1,07/02/2027,,Alaves,Celta,,,,,,,,,,,,,,,,,,,,,,,,,,,,,,,,,,,,,,,,,,,,,,,,,,,,,,,,,,,,,,,,,,,,,,,,,,,,,,,,,,,,,,,,,,,,,,,,,,,,,,,,,,,,,,,
SP1,07/02/2027,,La Coruna,Malaga,,,,,,,,,,,,,,,,,,,,,,,,,,,,,,,,,,,,,,,,,,,,,,,,,,,,,,,,,,,,,,,,,,,,,,,,,,,,,,,,,,,,,,,,,,,,,,,,,,,,,,,,,,,,,,,
SP1,14/02/2027,,Sociedad,Betis,,,,,,,,,,,,,,,,,,,,,,,,,,,,,,,,,,,,,,,,,,,,,,,,,,,,,,,,,,,,,,,,,,,,,,,,,,,,,,,,,,,,,,,,,,,,,,,,,,,,,,,,,,,,,,,
SP1,14/02/2027,,Villarreal,Barcelona,,,,,,,,,,,,,,,,,,,,,,,,,,,,,,,,,,,,,,,,,,,,,,,,,,,,,,,,,,,,,,,,,,,,,,,,,,,,,,,,,,,,,,,,,,,,,,,,,,,,,,,,,,,,,,,
SP1,14/02/2027,,Valencia,Alaves,,,,,,,,,,,,,,,,,,,,,,,,,,,,,,,,,,,,,,,,,,,,,,,,,,,,,,,,,,,,,,,,,,,,,,,,,,,,,,,,,,,,,,,,,,,,,,,,,,,,,,,,,,,,,,,
SP1,14/02/2027,,Sevilla,Espanol,,,,,,,,,,,,,,,,,,,,,,,,,,,,,,,,,,,,,,,,,,,,,,,,,,,,,,,,,,,,,,,,,,,,,,,,,,,,,,,,,,,,,,,,,,,,,,,,,,,,,,,,,,,,,,,
SP1,14/02/2027,,Real Madrid,Ath Bilbao,,,,,,,,,,,,,,,,,,,,,,,,,,,,,,,,,,,,,,,,,,,,,,,,,,,,,,,,,,,,,,,,,,,,,,,,,,,,,,,,,,,,,,,,,,,,,,,,,,,,,,,,,,,,,,,
SP1,14/02/2027,,Santander,Getafe,,,,,,,,,,,,,,,,,,,,,,,,,,,,,,,,,,,,,,,,,,,,,,,,,,,,,,,,,,,,,,,,,,,,,,,,,,,,,,,,,,,,,,,,,,,,,,,,,,,,,,,,,,,,,,,
SP1,14/02/2027,,Osasuna,Ath Madrid,,,,,,,,,,,,,,,,,,,,,,,,,,,,,,,,,,,,,,,,,,,,,,,,,,,,,,,,,,,,,,,,,,,,,,,,,,,,,,,,,,,,,,,,,,,,,,,,,,,,,,,,,,,,,,,
SP1,14/02/2027,,Levante,Malaga,,,,,,,,,,,,,,,,,,,,,,,,,,,,,,,,,,,,,,,,,,,,,,,,,,,,,,,,,,,,,,,,,,,,,,,,,,,,,,,,,,,,,,,,,,,,,,,,,,,,,,,,,,,,,,,
SP1,14/02/2027,,Elche,La Coruna,,,,,,,,,,,,,,,,,,,,,,,,,,,,,,,,,,,,,,,,,,,,,,,,,,,,,,,,,,,,,,,,,,,,,,,,,,,,,,,,,,,,,,,,,,,,,,,,,,,,,,,,,,,,,,,
SP1,14/02/2027,,Celta,Vallecano,,,,,,,,,,,,,,,,,,,,,,,,,,,,,,,,,,,,,,,,,,,,,,,,,,,,,,,,,,,,,,,,,,,,,,,,,,,,,,,,,,,,,,,,,,,,,,,,,,,,,,,,,,,,,,,
SP1,21/02/2027,,Villarreal,Valencia,,,,,,,,,,,,,,,,,,,,,,,,,,,,,,,,,,,,,,,,,,,,,,,,,,,,,,,,,,,,,,,,,,,,,,,,,,,,,,,,,,,,,,,,,,,,,,,,,,,,,,,,,,,,,,,
SP1,21/02/2027,,Sevilla,Real Madrid,,,,,,,,,,,,,,,,,,,,,,,,,,,,,,,,,,,,,,,,,,,,,,,,,,,,,,,,,,,,,,,,,,,,,,,,,,,,,,,,,,,,,,,,,,,,,,,,,,,,,,,,,,,,,,,
SP1,21/02/2027,,Vallecano,Getafe,,,,,,,,,,,,,,,,,,,,,,,,,,,,,,,,,,,,,,,,,,,,,,,,,,,,,,,,,,,,,,,,,,,,,,,,,,,,,,,,,,,,,,,,,,,,,,,,,,,,,,,,,,,,,,,
SP1,21/02/2027,,Malaga,Betis,,,,,,,,,,,,,,,,,,,,,,,,,,,,,,,,,,,,,,,,,,,,,,,,,,,,,,,,,,,,,,,,,,,,,,,,,,,,,,,,,,,,,,,,,,,,,,,,,,,,,,,,,,,,,,,
SP1,21/02/2027,,Barcelona,Levante,,,,,,,,,,,,,,,,,,,,,,,,,,,,,,,,,,,,,,,,,,,,,,,,,,,,,,,,,,,,,,,,,,,,,,,,,,,,,,,,,,,,,,,,,,,,,,,,,,,,,,,,,,,,,,,
SP1,21/02/2027,,La Coruna,Sociedad,,,,,,,,,,,,,,,,,,,,,,,,,,,,,,,,,,,,,,,,,,,,,,,,,,,,,,,,,,,,,,,,,,,,,,,,,,,,,,,,,,,,,,,,,,,,,,,,,,,,,,,,,,,,,,,
SP1,21/02/2027,,Ath Madrid,Elche,,,,,,,,,,,,,,,,,,,,,,,,,,,,,,,,,,,,,,,,,,,,,,,,,,,,,,,,,,,,,,,,,,,,,,,,,,,,,,,,,,,,,,,,,,,,,,,,,,,,,,,,,,,,,,,
SP1,21/02/2027,,Ath Bilbao,Celta,,,,,,,,,,,,,,,,,,,,,,,,,,,,,,,,,,,,,,,,,,,,,,,,,,,,,,,,,,,,,,,,,,,,,,,,,,,,,,,,,,,,,,,,,,,,,,,,,,,,,,,,,,,,,,,
SP1,21/02/2027,,Alaves,Santander,,,,,,,,,,,,,,,,,,,,,,,,,,,,,,,,,,,,,,,,,,,,,,,,,,,,,,,,,,,,,,,,,,,,,,,,,,,,,,,,,,,,,,,,,,,,,,,,,,,,,,,,,,,,,,,
SP1,21/02/2027,,Espanol,Osasuna,,,,,,,,,,,,,,,,,,,,,,,,,,,,,,,,,,,,,,,,,,,,,,,,,,,,,,,,,,,,,,,,,,,,,,,,,,,,,,,,,,,,,,,,,,,,,,,,,,,,,,,,,,,,,,,
SP1,28/02/2027,,Osasuna,Sevilla,,,,,,,,,,,,,,,,,,,,,,,,,,,,,,,,,,,,,,,,,,,,,,,,,,,,,,,,,,,,,,,,,,,,,,,,,,,,,,,,,,,,,,,,,,,,,,,,,,,,,,,,,,,,,,,
SP1,28/02/2027,,Sociedad,Elche,,,,,,,,,,,,,,,,,,,,,,,,,,,,,,,,,,,,,,,,,,,,,,,,,,,,,,,,,,,,,,,,,,,,,,,,,,,,,,,,,,,,,,,,,,,,,,,,,,,,,,,,,,,,,,,
SP1,28/02/2027,,Real Madrid,Valencia,,,,,,,,,,,,,,,,,,,,,,,,,,,,,,,,,,,,,,,,,,,,,,,,,,,,,,,,,,,,,,,,,,,,,,,,,,,,,,,,,,,,,,,,,,,,,,,,,,,,,,,,,,,,,,,
SP1,28/02/2027,,Santander,Vallecano,,,,,,,,,,,,,,,,,,,,,,,,,,,,,,,,,,,,,,,,,,,,,,,,,,,,,,,,,,,,,,,,,,,,,,,,,,,,,,,,,,,,,,,,,,,,,,,,,,,,,,,,,,,,,,,
SP1,28/02/2027,,Malaga,Ath Madrid,,,,,,,,,,,,,,,,,,,,,,,,,,,,,,,,,,,,,,,,,,,,,,,,,,,,,,,,,,,,,,,,,,,,,,,,,,,,,,,,,,,,,,,,,,,,,,,,,,,,,,,,,,,,,,,
SP1,28/02/2027,,Ath Bilbao,Barcelona,,,,,,,,,,,,,,,,,,,,,,,,,,,,,,,,,,,,,,,,,,,,,,,,,,,,,,,,,,,,,,,,,,,,,,,,,,,,,,,,,,,,,,,,,,,,,,,,,,,,,,,,,,,,,,,
SP1,28/02/2027,,Getafe,Alaves,,,,,,,,,,,,,,,,,,,,,,,,,,,,,,,,,,,,,,,,,,,,,,,,,,,,,,,,,,,,,,,,,,,,,,,,,,,,,,,,,,,,,,,,,,,,,,,,,,,,,,,,,,,,,,,
SP1,28/02/2027,,Celta,Espanol,,,,,,,,,,,,,,,,,,,,,,,,,,,,,,,,,,,,,,,,,,,,,,,,,,,,,,,,,,,,,,,,,,,,,,,,,,,,,,,,,,,,,,,,,,,,,,,,,,,,,,,,,,,,,,,
SP1,28/02/2027,,Betis,Villarreal,,,,,,,,,,,,,,,,,,,,,,,,,,,,,,,,,,,,,,,,,,,,,,,,,,,,,,,,,,,,,,,,,,,,,,,,,,,,,,,,,,,,,,,,,,,,,,,,,,,,,,,,,,,,,,,
SP1,28/02/2027,,Levante,La Coruna,,,,,,,,,,,,,,,,,,,,,,,,,,,,,,,,,,,,,,,,,,,,,,,,,,,,,,,,,,,,,,,,,,,,,,,,,,,,,,,,,,,,,,,,,,,,,,,,,,,,,,,,,,,,,,,
SP1,07/03/2027,,Vallecano,Osasuna,,,,,,,,,,,,,,,,,,,,,,,,,,,,,,,,,,,,,,,,,,,,,,,,,,,,,,,,,,,,,,,,,,,,,,,,,,,,,,,,,,,,,,,,,,,,,,,,,,,,,,,,,,,,,,,
SP1,07/03/2027,,Villarreal,Real Madrid,,,,,,,,,,,,,,,,,,,,,,,,,,,,,,,,,,,,,,,,,,,,,,,,,,,,,,,,,,,,,,,,,,,,,,,,,,,,,,,,,,,,,,,,,,,,,,,,,,,,,,,,,,,,,,,
SP1,07/03/2027,,Valencia,Levante,,,,,,,,,,,,,,,,,,,,,,,,,,,,,,,,,,,,,,,,,,,,,,,,,,,,,,,,,,,,,,,,,,,,,,,,,,,,,,,,,,,,,,,,,,,,,,,,,,,,,,,,,,,,,,,
SP1,07/03/2027,,Sevilla,Sociedad,,,,,,,,,,,,,,,,,,,,,,,,,,,,,,,,,,,,,,,,,,,,,,,,,,,,,,,,,,,,,,,,,,,,,,,,,,,,,,,,,,,,,,,,,,,,,,,,,,,,,,,,,,,,,,,
SP1,07/03/2027,,Barcelona,Betis,,,,,,,,,,,,,,,,,,,,,,,,,,,,,,,,,,,,,,,,,,,,,,,,,,,,,,,,,,,,,,,,,,,,,,,,,,,,,,,,,,,,,,,,,,,,,,,,,,,,,,,,,,,,,,,
SP1,07/03/2027,,Alaves,Ath Bilbao,,,,,,,,,,,,,,,,,,,,,,,,,,,,,,,,,,,,,,,,,,,,,,,,,,,,,,,,,,,,,,,,,,,,,,,,,,,,,,,,,,,,,,,,,,,,,,,,,,,,,,,,,,,,,,,
SP1,07/03/2027,,Elche,Malaga,,,,,,,,,,,,,,,,,,,,,,,,,,,,,,,,,,,,,,,,,,,,,,,,,,,,,,,,,,,,,,,,,,,,,,,,,,,,,,,,,,,,,,,,,,,,,,,,,,,,,,,,,,,,,,,
SP1,07/03/2027,,La Coruna,Getafe,,,,,,,,,,,,,,,,,,,,,,,,,,,,,,,,,,,,,,,,,,,,,,,,,,,,,,,,,,,,,,,,,,,,,,,,,,,,,,,,,,,,,,,,,,,,,,,,,,,,,,,,,,,,,,,
SP1,07/03/2027,,Ath Madrid,Celta,,,,,,,,,,,,,,,,,,,,,,,,,,,,,,,,,,,,,,,,,,,,,,,,,,,,,,,,,,,,,,,,,,,,,,,,,,,,,,,,,,,,,,,,,,,,,,,,,,,,,,,,,,,,,,,
SP1,07/03/2027,,Espanol,Santander,,,,,,,,,,,,,,,,,,,,,,,,,,,,,,,,,,,,,,,,,,,,,,,,,,,,,,,,,,,,,,,,,,,,,,,,,,,,,,,,,,,,,,,,,,,,,,,,,,,,,,,,,,,,,,,
SP1,14/03/2027,,Real Madrid,Espanol,,,,,,,,,,,,,,,,,,,,,,,,,,,,,,,,,,,,,,,,,,,,,,,,,,,,,,,,,,,,,,,,,,,,,,,,,,,,,,,,,,,,,,,,,,,,,,,,,,,,,,,,,,,,,,,
SP1,14/03/2027,,Santander,Ath Madrid,,,,,,,,,,,,,,,,,,,,,,,,,,,,,,,,,,,,,,,,,,,,,,,,,,,,,,,,,,,,,,,,,,,,,,,,,,,,,,,,,,,,,,,,,,,,,,,,,,,,,,,,,,,,,,,
SP1,14/03/2027,,Osasuna,Celta,,,,,,,,,,,,,,,,,,,,,,,,,,,,,,,,,,,,,,,,,,,,,,,,,,,,,,,,,,,,,,,,,,,,,,,,,,,,,,,,,,,,,,,,,,,,,,,,,,,,,,,,,,,,,,,
SP1,14/03/2027,,Malaga,Vallecano,,,,,,,,,,,,,,,,,,,,,,,,,,,,,,,,,,,,,,,,,,,,,,,,,,,,,,,,,,,,,,,,,,,,,,,,,,,,,,,,,,,,,,,,,,,,,,,,,,,,,,,,,,,,,,,
SP1,14/03/2027,,Getafe,Sociedad,,,,,,,,,,,,,,,,,,,,,,,,,,,,,,,,,,,,,,,,,,,,,,,,,,,,,,,,,,,,,,,,,,,,,,,,,,,,,,,,,,,,,,,,,,,,,,,,,,,,,,,,,,,,,,,
SP1,14/03/2027,,Elche,Villarreal,,,,,,,,,,,,,,,,,,,,,,,,,,,,,,,,,,,,,,,,,,,,,,,,,,,,,,,,,,,,,,,,,,,,,,,,,,,,,,,,,,,,,,,,,,,,,,,,,,,,,,,,,,,,,,,
SP1,14/03/2027,,Betis,Levante,,,,,,,,,,,,,,,,,,,,,,,,,,,,,,,,,,,,,,,,,,,,,,,,,,,,,,,,,,,,,,,,,,,,,,,,,,,,,,,,,,,,,,,,,,,,,,,,,,,,,,,,,,,,,,,
SP1,14/03/2027,,Ath Bilbao,Valencia,,,,,,,,,,,,,,,,,,,,,,,,,,,,,,,,,,,,,,,,,,,,,,,,,,,,,,,,,,,,,,,,,,,,,,,,,,,,,,,,,,,,,,,,,,,,,,,,,,,,,,,,,,,,,,,
SP1,14/03/2027,,Alaves,Sevilla,,,,,,,,,,,,,,,,,,,,,,,,,,,,,,,,,,,,,,,,,,,,,,,,,,,,,,,,,,,,,,,,,,,,,,,,,,,,,,,,,,,,,,,,,,,,,,,,,,,,,,,,,,,,,,,
SP1,14/03/2027,,Barcelona,La Coruna,,,,,,,,,,,,,,,,,,,,,,,,,,,,,,,,,,,,,,,,,,,,,,,,,,,,,,,,,,,,,,,,,,,,,,,,,,,,,,,,,,,,,,,,,,,,,,,,,,,,,,,,,,,,,,,
SP1,21/03/2027,,Sociedad,Alaves,,,,,,,,,,,,,,,,,,,,,,,,,,,,,,,,,,,,,,,,,,,,,,,,,,,,,,,,,,,,,,,,,,,,,,,,,,,,,,,,,,,,,,,,,,,,,,,,,,,,,,,,,,,,,,,
SP1,21/03/2027,,Valencia,La Coruna,,,,,,,,,,,,,,,,,,,,,,,,,,,,,,,,,,,,,,,,,,,,,,,,,,,,,,,,,,,,,,,,,,,,,,,,,,,,,,,,,,,,,,,,,,,,,,,,,,,,,,,,,,,,,,,
SP1,21/03/2027,,Sevilla,Elche,,,,,,,,,,,,,,,,,,,,,,,,,,,,,,,,,,,,,,,,,,,,,,,,,,,,,,,,,,,,,,,,,,,,,,,,,,,,,,,,,,,,,,,,,,,,,,,,,,,,,,,,,,,,,,,
SP1,21/03/2027,,Villarreal,Malaga,,,,,,,,,,,,,,,,,,,,,,,,,,,,,,,,,,,,,,,,,,,,,,,,,,,,,,,,,,,,,,,,,,,,,,,,,,,,,,,,,,,,,,,,,,,,,,,,,,,,,,,,,,,,,,,
SP1,21/03/2027,,Vallecano,Barcelona,,,,,,,,,,,,,,,,,,,,,,,,,,,,,,,,,,,,,,,,,,,,,,,,,,,,,,,,,,,,,,,,,,,,,,,,,,,,,,,,,,,,,,,,,,,,,,,,,,,,,,,,,,,,,,,
SP1,21/03/2027,,Espanol,Ath Bilbao,,,,,,,,,,,,,,,,,,,,,,,,,,,,,,,,,,,,,,,,,,,,,,,,,,,,,,,,,,,,,,,,,,,,,,,,,,,,,,,,,,,,,,,,,,,,,,,,,,,,,,,,,,,,,,,
SP1,21/03/2027,,Levante,Osasuna,,,,,,,,,,,,,,,,,,,,,,,,,,,,,,,,,,,,,,,,,,,,,,,,,,,,,,,,,,,,,,,,,,,,,,,,,,,,,,,,,,,,,,,,,,,,,,,,,,,,,,,,,,,,,,,
SP1,21/03/2027,,Celta,Real Madrid,,,,,,,,,,,,,,,,,,,,,,,,,,,,,,,,,,,,,,,,,,,,,,,,,,,,,,,,,,,,,,,,,,,,,,,,,,,,,,,,,,,,,,,,,,,,,,,,,,,,,,,,,,,,,,,
SP1,21/03/2027,,Ath Madrid,Getafe,,,,,,,,,,,,,,,,,,,,,,,,,,,,,,,,,,,,,,,,,,,,,,,,,,,,,,,,,,,,,,,,,,,,,,,,,,,,,,,,,,,,,,,,,,,,,,,,,,,,,,,,,,,,,,,
SP1,21/03/2027,,Santander,Betis,,,,,,,,,,,,,,,,,,,,,,,,,,,,,,,,,,,,,,,,,,,,,,,,,,,,,,,,,,,,,,,,,,,,,,,,,,,,,,,,,,,,,,,,,,,,,,,,,,,,,,,,,,,,,,,
SP1,04/04/2027,,Sociedad,Valencia,,,,,,,,,,,,,,,,,,,,,,,,,,,,,,,,,,,,,,,,,,,,,,,,,,,,,,,,,,,,,,,,,,,,,,,,,,,,,,,,,,,,,,,,,,,,,,,,,,,,,,,,,,,,,,,
SP1,04/04/2027,,Real Madrid,Ath Madrid,,,,,,,,,,,,,,,,,,,,,,,,,,,,,,,,,,,,,,,,,,,,,,,,,,,,,,,,,,,,,,,,,,,,,,,,,,,,,,,,,,,,,,,,,,,,,,,,,,,,,,,,,,,,,,,
SP1,04/04/2027,,Malaga,Osasuna,,,,,,,,,,,,,,,,,,,,,,,,,,,,,,,,,,,,,,,,,,,,,,,,,,,,,,,,,,,,,,,,,,,,,,,,,,,,,,,,,,,,,,,,,,,,,,,,,,,,,,,,,,,,,,,
SP1,04/04/2027,,Levante,Vallecano,,,,,,,,,,,,,,,,,,,,,,,,,,,,,,,,,,,,,,,,,,,,,,,,,,,,,,,,,,,,,,,,,,,,,,,,,,,,,,,,,,,,,,,,,,,,,,,,,,,,,,,,,,,,,,,
SP1,04/04/2027,,Getafe,Espanol,,,,,,,,,,,,,,,,,,,,,,,,,,,,,,,,,,,,,,,,,,,,,,,,,,,,,,,,,,,,,,,,,,,,,,,,,,,,,,,,,,,,,,,,,,,,,,,,,,,,,,,,,,,,,,,
SP1,04/04/2027,,Elche,Alaves,,,,,,,,,,,,,,,,,,,,,,,,,,,,,,,,,,,,,,,,,,,,,,,,,,,,,,,,,,,,,,,,,,,,,,,,,,,,,,,,,,,,,,,,,,,,,,,,,,,,,,,,,,,,,,,
SP1,04/04/2027,,La Coruna,Villarreal,,,,,,,,,,,,,,,,,,,,,,,,,,,,,,,,,,,,,,,,,,,,,,,,,,,,,,,,,,,,,,,,,,,,,,,,,,,,,,,,,,,,,,,,,,,,,,,,,,,,,,,,,,,,,,,
SP1,04/04/2027,,Betis,Celta,,,,,,,,,,,,,,,,,,,,,,,,,,,,,,,,,,,,,,,,,,,,,,,,,,,,,,,,,,,,,,,,,,,,,,,,,,,,,,,,,,,,,,,,,,,,,,,,,,,,,,,,,,,,,,,
SP1,04/04/2027,,Ath Bilbao,Santander,,,,,,,,,,,,,,,,,,,,,,,,,,,,,,,,,,,,,,,,,,,,,,,,,,,,,,,,,,,,,,,,,,,,,,,,,,,,,,,,,,,,,,,,,,,,,,,,,,,,,,,,,,,,,,,
SP1,04/04/2027,,Barcelona,Sevilla,,,,,,,,,,,,,,,,,,,,,,,,,,,,,,,,,,,,,,,,,,,,,,,,,,,,,,,,,,,,,,,,,,,,,,,,,,,,,,,,,,,,,,,,,,,,,,,,,,,,,,,,,,,,,,,
SP1,11/04/2027,,Vallecano,Sociedad,,,,,,,,,,,,,,,,,,,,,,,,,,,,,,,,,,,,,,,,,,,,,,,,,,,,,,,,,,,,,,,,,,,,,,,,,,,,,,,,,,,,,,,,,,,,,,,,,,,,,,,,,,,,,,,
SP1,11/04/2027,,Villarreal,Ath Bilbao,,,,,,,,,,,,,,,,,,,,,,,,,,,,,,,,,,,,,,,,,,,,,,,,,,,,,,,,,,,,,,,,,,,,,,,,,,,,,,,,,,,,,,,,,,,,,,,,,,,,,,,,,,,,,,,
SP1,11/04/2027,,Valencia,Getafe,,,,,,,,,,,,,,,,,,,,,,,,,,,,,,,,,,,,,,,,,,,,,,,,,,,,,,,,,,,,,,,,,,,,,,,,,,,,,,,,,,,,,,,,,,,,,,,,,,,,,,,,,,,,,,,
SP1,11/04/2027,,Sevilla,La Coruna,,,,,,,,,,,,,,,,,,,,,,,,,,,,,,,,,,,,,,,,,,,,,,,,,,,,,,,,,,,,,,,,,,,,,,,,,,,,,,,,,,,,,,,,,,,,,,,,,,,,,,,,,,,,,,,
SP1,11/04/2027,,Santander,Barcelona,,,,,,,,,,,,,,,,,,,,,,,,,,,,,,,,,,,,,,,,,,,,,,,,,,,,,,,,,,,,,,,,,,,,,,,,,,,,,,,,,,,,,,,,,,,,,,,,,,,,,,,,,,,,,,,
SP1,11/04/2027,,Alaves,Betis,,,,,,,,,,,,,,,,,,,,,,,,,,,,,,,,,,,,,,,,,,,,,,,,,,,,,,,,,,,,,,,,,,,,,,,,,,,,,,,,,,,,,,,,,,,,,,,,,,,,,,,,,,,,,,,
SP1,11/04/2027,,Espanol,Malaga,,,,,,,,,,,,,,,,,,,,,,,,,,,,,,,,,,,,,,,,,,,,,,,,,,,,,,,,,,,,,,,,,,,,,,,,,,,,,,,,,,,,,,,,,,,,,,,,,,,,,,,,,,,,,,,
SP1,11/04/2027,,Celta,Elche,,,,,,,,,,,,,,,,,,,,,,,,,,,,,,,,,,,,,,,,,,,,,,,,,,,,,,,,,,,,,,,,,,,,,,,,,,,,,,,,,,,,,,,,,,,,,,,,,,,,,,,,,,,,,,,
SP1,11/04/2027,,Ath Madrid,Levante,,,,,,,,,,,,,,,,,,,,,,,,,,,,,,,,,,,,,,,,,,,,,,,,,,,,,,,,,,,,,,,,,,,,,,,,,,,,,,,,,,,,,,,,,,,,,,,,,,,,,,,,,,,,,,,
SP1,11/04/2027,,Osasuna,Real Madrid,,,,,,,,,,,,,,,,,,,,,,,,,,,,,,,,,,,,,,,,,,,,,,,,,,,,,,,,,,,,,,,,,,,,,,,,,,,,,,,,,,,,,,,,,,,,,,,,,,,,,,,,,,,,,,,
SP1,18/04/2027,,Getafe,Real Madrid,,,,,,,,,,,,,,,,,,,,,,,,,,,,,,,,,,,,,,,,,,,,,,,,,,,,,,,,,,,,,,,,,,,,,,,,,,,,,,,,,,,,,,,,,,,,,,,,,,,,,,,,,,,,,,,
SP1,18/04/2027,,Sociedad,Santander,,,,,,,,,,,,,,,,,,,,,,,,,,,,,,,,,,,,,,,,,,,,,,,,,,,,,,,,,,,,,,,,,,,,,,,,,,,,,,,,,,,,,,,,,,,,,,,,,,,,,,,,,,,,,,,
SP1,18/04/2027,,Malaga,Valencia,,,,,,,,,,,,,,,,,,,,,,,,,,,,,,,,,,,,,,,,,,,,,,,,,,,,,,,,,,,,,,,,,,,,,,,,,,,,,,,,,,,,,,,,,,,,,,,,,,,,,,,,,,,,,,,
SP1,18/04/2027,,Levante,Villarreal,,,,,,,,,,,,,,,,,,,,,,,,,,,,,,,,,,,,,,,,,,,,,,,,,,,,,,,,,,,,,,,,,,,,,,,,,,,,,,,,,,,,,,,,,,,,,,,,,,,,,,,,,,,,,,,
SP1,18/04/2027,,Barcelona,Espanol,,,,,,,,,,,,,,,,,,,,,,,,,,,,,,,,,,,,,,,,,,,,,,,,,,,,,,,,,,,,,,,,,,,,,,,,,,,,,,,,,,,,,,,,,,,,,,,,,,,,,,,,,,,,,,,
SP1,18/04/2027,,Alaves,Vallecano,,,,,,,,,,,,,,,,,,,,,,,,,,,,,,,,,,,,,,,,,,,,,,,,,,,,,,,,,,,,,,,,,,,,,,,,,,,,,,,,,,,,,,,,,,,,,,,,,,,,,,,,,,,,,,,
SP1,18/04/2027,,La Coruna,Celta,,,,,,,,,,,,,,,,,,,,,,,,,,,,,,,,,,,,,,,,,,,,,,,,,,,,,,,,,,,,,,,,,,,,,,,,,,,,,,,,,,,,,,,,,,,,,,,,,,,,,,,,,,,,,,,
SP1,18/04/2027,,Betis,Ath Bilbao,,,,,,,,,,,,,,,,,,,,,,,,,,,,,,,,,,,,,,,,,,,,,,,,,,,,,,,,,,,,,,,,,,,,,,,,,,,,,,,,,,,,,,,,,,,,,,,,,,,,,,,,,,,,,,,
SP1,18/04/2027,,Ath Madrid,Sevilla,,,,,,,,,,,,,,,,,,,,,,,,,,,,,,,,,,,,,,,,,,,,,,,,,,,,,,,,,,,,,,,,,,,,,,,,,,,,,,,,,,,,,,,,,,,,,,,,,,,,,,,,,,,,,,,
SP1,18/04/2027,,Elche,Osasuna,,,,,,,,,,,,,,,,,,,,,,,,,,,,,,,,,,,,,,,,,,,,,,,,,,,,,,,,,,,,,,,,,,,,,,,,,,,,,,,,,,,,,,,,,,,,,,,,,,,,,,,,,,,,,,,
SP1,21/04/2027,,Villarreal,Ath Madrid,,,,,,,,,,,,,,,,,,,,,,,,,,,,,,,,,,,,,,,,,,,,,,,,,,,,,,,,,,,,,,,,,,,,,,,,,,,,,,,,,,,,,,,,,,,,,,,,,,,,,,,,,,,,,,,
SP1,21/04/2027,,Valencia,Vallecano,,,,,,,,,,,,,,,,,,,,,,,,,,,,,,,,,,,,,,,,,,,,,,,,,,,,,,,,,,,,,,,,,,,,,,,,,,,,,,,,,,,,,,,,,,,,,,,,,,,,,,,,,,,,,,,
SP1,21/04/2027,,Sevilla,Levante,,,,,,,,,,,,,,,,,,,,,,,,,,,,,,,,,,,,,,,,,,,,,,,,,,,,,,,,,,,,,,,,,,,,,,,,,,,,,,,,,,,,,,,,,,,,,,,,,,,,,,,,,,,,,,,
SP1,21/04/2027,,Real Madrid,Elche,,,,,,,,,,,,,,,,,,,,,,,,,,,,,,,,,,,,,,,,,,,,,,,,,,,,,,,,,,,,,,,,,,,,,,,,,,,,,,,,,,,,,,,,,,,,,,,,,,,,,,,,,,,,,,,
SP1,21/04/2027,,Santander,Malaga,,,,,,,,,,,,,,,,,,,,,,,,,,,,,,,,,,,,,,,,,,,,,,,,,,,,,,,,,,,,,,,,,,,,,,,,,,,,,,,,,,,,,,,,,,,,,,,,,,,,,,,,,,,,,,,
SP1,21/04/2027,,Getafe,Betis,,,,,,,,,,,,,,,,,,,,,,,,,,,,,,,,,,,,,,,,,,,,,,,,,,,,,,,,,,,,,,,,,,,,,,,,,,,,,,,,,,,,,,,,,,,,,,,,,,,,,,,,,,,,,,,
SP1,21/04/2027,,Espanol,Sociedad,,,,,,,,,,,,,,,,,,,,,,,,,,,,,,,,,,,,,,,,,,,,,,,,,,,,,,,,,,,,,,,,,,,,,,,,,,,,,,,,,,,,,,,,,,,,,,,,,,,,,,,,,,,,,,,
SP1,21/04/2027,,Celta,Barcelona,,,,,,,,,,,,,,,,,,,,,,,,,,,,,,,,,,,,,,,,,,,,,,,,,,,,,,,,,,,,,,,,,,,,,,,,,,,,,,,,,,,,,,,,,,,,,,,,,,,,,,,,,,,,,,,
SP1,21/04/2027,,Ath Bilbao,La Coruna,,,,,,,,,,,,,,,,,,,,,,,,,,,,,,,,,,,,,,,,,,,,,,,,,,,,,,,,,,,,,,,,,,,,,,,,,,,,,,,,,,,,,,,,,,,,,,,,,,,,,,,,,,,,,,,
SP1,21/04/2027,,Osasuna,Alaves,,,,,,,,,,,,,,,,,,,,,,,,,,,,,,,,,,,,,,,,,,,,,,,,,,,,,,,,,,,,,,,,,,,,,,,,,,,,,,,,,,,,,,,,,,,,,,,,,,,,,,,,,,,,,,,
SP1,02/05/2027,,Levante,Real Madrid,,,,,,,,,,,,,,,,,,,,,,,,,,,,,,,,,,,,,,,,,,,,,,,,,,,,,,,,,,,,,,,,,,,,,,,,,,,,,,,,,,,,,,,,,,,,,,,,,,,,,,,,,,,,,,,
SP1,02/05/2027,,Vallecano,Villarreal,,,,,,,,,,,,,,,,,,,,,,,,,,,,,,,,,,,,,,,,,,,,,,,,,,,,,,,,,,,,,,,,,,,,,,,,,,,,,,,,,,,,,,,,,,,,,,,,,,,,,,,,,,,,,,,
SP1,02/05/2027,,Malaga,Getafe,,,,,,,,,,,,,,,,,,,,,,,,,,,,,,,,,,,,,,,,,,,,,,,,,,,,,,,,,,,,,,,,,,,,,,,,,,,,,,,,,,,,,,,,,,,,,,,,,,,,,,,,,,,,,,,
SP1,02/05/2027,,Sociedad,Ath Bilbao,,,,,,,,,,,,,,,,,,,,,,,,,,,,,,,,,,,,,,,,,,,,,,,,,,,,,,,,,,,,,,,,,,,,,,,,,,,,,,,,,,,,,,,,,,,,,,,,,,,,,,,,,,,,,,,
SP1,02/05/2027,,Barcelona,Osasuna,,,,,,,,,,,,,,,,,,,,,,,,,,,,,,,,,,,,,,,,,,,,,,,,,,,,,,,,,,,,,,,,,,,,,,,,,,,,,,,,,,,,,,,,,,,,,,,,,,,,,,,,,,,,,,,
SP1,02/05/2027,,Celta,Sevilla,,,,,,,,,,,,,,,,,,,,,,,,,,,,,,,,,,,,,,,,,,,,,,,,,,,,,,,,,,,,,,,,,,,,,,,,,,,,,,,,,,,,,,,,,,,,,,,,,,,,,,,,,,,,,,,
SP1,02/05/2027,,La Coruna,Santander,,,,,,,,,,,,,,,,,,,,,,,,,,,,,,,,,,,,,,,,,,,,,,,,,,,,,,,,,,,,,,,,,,,,,,,,,,,,,,,,,,,,,,,,,,,,,,,,,,,,,,,,,,,,,,,
SP1,02/05/2027,,Betis,Valencia,,,,,,,,,,,,,,,,,,,,,,,,,,,,,,,,,,,,,,,,,,,,,,,,,,,,,,,,,,,,,,,,,,,,,,,,,,,,,,,,,,,,,,,,,,,,,,,,,,,,,,,,,,,,,,,
SP1,02/05/2027,,Ath Madrid,Alaves,,,,,,,,,,,,,,,,,,,,,,,,,,,,,,,,,,,,,,,,,,,,,,,,,,,,,,,,,,,,,,,,,,,,,,,,,,,,,,,,,,,,,,,,,,,,,,,,,,,,,,,,,,,,,,,
SP1,02/05/2027,,Elche,Espanol,,,,,,,,,,,,,,,,,,,,,,,,,,,,,,,,,,,,,,,,,,,,,,,,,,,,,,,,,,,,,,,,,,,,,,,,,,,,,,,,,,,,,,,,,,,,,,,,,,,,,,,,,,,,,,,
SP1,09/05/2027,,Villarreal,Celta,,,,,,,,,,,,,,,,,,,,,,,,,,,,,,,,,,,,,,,,,,,,,,,,,,,,,,,,,,,,,,,,,,,,,,,,,,,,,,,,,,,,,,,,,,,,,,,,,,,,,,,,,,,,,,,
SP1,09/05/2027,,Valencia,Ath Madrid,,,,,,,,,,,,,,,,,,,,,,,,,,,,,,,,,,,,,,,,,,,,,,,,,,,,,,,,,,,,,,,,,,,,,,,,,,,,,,,,,,,,,,,,,,,,,,,,,,,,,,,,,,,,,,,
SP1,09/05/2027,,Real Madrid,Barcelona,,,,,,,,,,,,,,,,,,,,,,,,,,,,,,,,,,,,,,,,,,,,,,,,,,,,,,,,,,,,,,,,,,,,,,,,,,,,,,,,,,,,,,,,,,,,,,,,,,,,,,,,,,,,,,,
SP1,09/05/2027,,Vallecano,La Coruna,,,,,,,,,,,,,,,,,,,,,,,,,,,,,,,,,,,,,,,,,,,,,,,,,,,,,,,,,,,,,,,,,,,,,,,,,,,,,,,,,,,,,,,,,,,,,,,,,,,,,,,,,,,,,,,
SP1,09/05/2027,,Santander,Sevilla,,,,,,,,,,,,,,,,,,,,,,,,,,,,,,,,,,,,,,,,,,,,,,,,,,,,,,,,,,,,,,,,,,,,,,,,,,,,,,,,,,,,,,,,,,,,,,,,,,,,,,,,,,,,,,,
SP1,09/05/2027,,Osasuna,Sociedad,,,,,,,,,,,,,,,,,,,,,,,,,,,,,,,,,,,,,,,,,,,,,,,,,,,,,,,,,,,,,,,,,,,,,,,,,,,,,,,,,,,,,,,,,,,,,,,,,,,,,,,,,,,,,,,
SP1,09/05/2027,,Getafe,Elche,,,,,,,,,,,,,,,,,,,,,,,,,,,,,,,,,,,,,,,,,,,,,,,,,,,,,,,,,,,,,,,,,,,,,,,,,,,,,,,,,,,,,,,,,,,,,,,,,,,,,,,,,,,,,,,
SP1,09/05/2027,,Betis,Espanol,,,,,,,,,,,,,,,,,,,,,,,,,,,,,,,,,,,,,,,,,,,,,,,,,,,,,,,,,,,,,,,,,,,,,,,,,,,,,,,,,,,,,,,,,,,,,,,,,,,,,,,,,,,,,,,
SP1,09/05/2027,,Ath Bilbao,Malaga,,,,,,,,,,,,,,,,,,,,,,,,,,,,,,,,,,,,,,,,,,,,,,,,,,,,,,,,,,,,,,,,,,,,,,,,,,,,,,,,,,,,,,,,,,,,,,,,,,,,,,,,,,,,,,,
SP1,09/05/2027,,Alaves,Levante,,,,,,,,,,,,,,,,,,,,,,,,,,,,,,,,,,,,,,,,,,,,,,,,,,,,,,,,,,,,,,,,,,,,,,,,,,,,,,,,,,,,,,,,,,,,,,,,,,,,,,,,,,,,,,,
SP1,16/05/2027,,Sociedad,Barcelona,,,,,,,,,,,,,,,,,,,,,,,,,,,,,,,,,,,,,,,,,,,,,,,,,,,,,,,,,,,,,,,,,,,,,,,,,,,,,,,,,,,,,,,,,,,,,,,,,,,,,,,,,,,,,,,
SP1,16/05/2027,,Sevilla,Villarreal,,,,,,,,,,,,,,,,,,,,,,,,,,,,,,,,,,,,,,,,,,,,,,,,,,,,,,,,,,,,,,,,,,,,,,,,,,,,,,,,,,,,,,,,,,,,,,,,,,,,,,,,,,,,,,,
SP1,16/05/2027,,Osasuna,Betis,,,,,,,,,,,,,,,,,,,,,,,,,,,,,,,,,,,,,,,,,,,,,,,,,,,,,,,,,,,,,,,,,,,,,,,,,,,,,,,,,,,,,,,,,,,,,,,,,,,,,,,,,,,,,,,
SP1,16/05/2027,,Malaga,Celta,,,,,,,,,,,,,,,,,,,,,,,,,,,,,,,,,,,,,,,,,,,,,,,,,,,,,,,,,,,,,,,,,,,,,,,,,,,,,,,,,,,,,,,,,,,,,,,,,,,,,,,,,,,,,,,
SP1,16/05/2027,,Real Madrid,Santander,,,,,,,,,,,,,,,,,,,,,,,,,,,,,,,,,,,,,,,,,,,,,,,,,,,,,,,,,,,,,,,,,,,,,,,,,,,,,,,,,,,,,,,,,,,,,,,,,,,,,,,,,,,,,,,
SP1,16/05/2027,,Espanol,Valencia,,,,,,,,,,,,,,,,,,,,,,,,,,,,,,,,,,,,,,,,,,,,,,,,,,,,,,,,,,,,,,,,,,,,,,,,,,,,,,,,,,,,,,,,,,,,,,,,,,,,,,,,,,,,,,,
SP1,16/05/2027,,Elche,Ath Bilbao,,,,,,,,,,,,,,,,,,,,,,,,,,,,,,,,,,,,,,,,,,,,,,,,,,,,,,,,,,,,,,,,,,,,,,,,,,,,,,,,,,,,,,,,,,,,,,,,,,,,,,,,,,,,,,,
SP1,16/05/2027,,La Coruna,Alaves,,,,,,,,,,,,,,,,,,,,,,,,,,,,,,,,,,,,,,,,,,,,,,,,,,,,,,,,,,,,,,,,,,,,,,,,,,,,,,,,,,,,,,,,,,,,,,,,,,,,,,,,,,,,,,,
SP1,16/05/2027,,Ath Madrid,Vallecano,,,,,,,,,,,,,,,,,,,,,,,,,,,,,,,,,,,,,,,,,,,,,,,,,,,,,,,,,,,,,,,,,,,,,,,,,,,,,,,,,,,,,,,,,,,,,,,,,,,,,,,,,,,,,,,
SP1,16/05/2027,,Levante,Getafe,,,,,,,,,,,,,,,,,,,,,,,,,,,,,,,,,,,,,,,,,,,,,,,,,,,,,,,,,,,,,,,,,,,,,,,,,,,,,,,,,,,,,,,,,,,,,,,,,,,,,,,,,,,,,,,
SP1,23/05/2027,,Villarreal,Osasuna,,,,,,,,,,,,,,,,,,,,,,,,,,,,,,,,,,,,,,,,,,,,,,,,,,,,,,,,,,,,,,,,,,,,,,,,,,,,,,,,,,,,,,,,,,,,,,,,,,,,,,,,,,,,,,,
SP1,23/05/2027,,Valencia,Elche,,,,,,,,,,,,,,,,,,,,,,,,,,,,,,,,,,,,,,,,,,,,,,,,,,,,,,,,,,,,,,,,,,,,,,,,,,,,,,,,,,,,,,,,,,,,,,,,,,,,,,,,,,,,,,,
SP1,23/05/2027,,Vallecano,Betis,,,,,,,,,,,,,,,,,,,,,,,,,,,,,,,,,,,,,,,,,,,,,,,,,,,,,,,,,,,,,,,,,,,,,,,,,,,,,,,,,,,,,,,,,,,,,,,,,,,,,,,,,,,,,,,
SP1,23/05/2027,,Santander,Levante,,,,,,,,,,,,,,,,,,,,,,,,,,,,,,,,,,,,,,,,,,,,,,,,,,,,,,,,,,,,,,,,,,,,,,,,,,,,,,,,,,,,,,,,,,,,,,,,,,,,,,,,,,,,,,,
SP1,23/05/2027,,Sevilla,Getafe,,,,,,,,,,,,,,,,,,,,,,,,,,,,,,,,,,,,,,,,,,,,,,,,,,,,,,,,,,,,,,,,,,,,,,,,,,,,,,,,,,,,,,,,,,,,,,,,,,,,,,,,,,,,,,,
SP1,23/05/2027,,La Coruna,Espanol,,,,,,,,,,,,,,,,,,,,,,,,,,,,,,,,,,,,,,,,,,,,,,,,,,,,,,,,,,,,,,,,,,,,,,,,,,,,,,,,,,,,,,,,,,,,,,,,,,,,,,,,,,,,,,,
SP1,23/05/2027,,Celta,Sociedad,,,,,,,,,,,,,,,,,,,,,,,,,,,,,,,,,,,,,,,,,,,,,,,,,,,,,,,,,,,,,,,,,,,,,,,,,,,,,,,,,,,,,,,,,,,,,,,,,,,,,,,,,,,,,,,
SP1,23/05/2027,,Ath Madrid,Ath Bilbao,,,,,,,,,,,,,,,,,,,,,,,,,,,,,,,,,,,,,,,,,,,,,,,,,,,,,,,,,,,,,,,,,,,,,,,,,,,,,,,,,,,,,,,,,,,,,,,,,,,,,,,,,,,,,,,
SP1,23/05/2027,,Alaves,Real Madrid,,,,,,,,,,,,,,,,,,,,,,,,,,,,,,,,,,,,,,,,,,,,,,,,,,,,,,,,,,,,,,,,,,,,,,,,,,,,,,,,,,,,,,,,,,,,,,,,,,,,,,,,,,,,,,,
SP1,23/05/2027,,Barcelona,Malaga,,,,,,,,,,,,,,,,,,,,,,,,,,,,,,,,,,,,,,,,,,,,,,,,,,,,,,,,,,,,,,,,,,,,,,,,,,,,,,,,,,,,,,,,,,,,,,,,,,,,,,,,,,,,,,,
SP1,30/05/2027,,Real Madrid,La Coruna,,,,,,,,,,,,,,,,,,,,,,,,,,,,,,,,,,,,,,,,,,,,,,,,,,,,,,,,,,,,,,,,,,,,,,,,,,,,,,,,,,,,,,,,,,,,,,,,,,,,,,,,,,,,,,,
SP1,30/05/2027,,Ath Bilbao,Vallecano,,,,,,,,,,,,,,,,,,,,,,,,,,,,,,,,,,,,,,,,,,,,,,,,,,,,,,,,,,,,,,,,,,,,,,,,,,,,,,,,,,,,,,,,,,,,,,,,,,,,,,,,,,,,,,,
SP1,30/05/2027,,Betis,Ath Madrid,,,,,,,,,,,,,,,,,,,,,,,,,,,,,,,,,,,,,,,,,,,,,,,,,,,,,,,,,,,,,,,,,,,,,,,,,,,,,,,,,,,,,,,,,,,,,,,,,,,,,,,,,,,,,,,
SP1,30/05/2027,,Elche,Santander,,,,,,,,,,,,,,,,,,,,,,,,,,,,,,,,,,,,,,,,,,,,,,,,,,,,,,,,,,,,,,,,,,,,,,,,,,,,,,,,,,,,,,,,,,,,,,,,,,,,,,,,,,,,,,,
SP1,30/05/2027,,Espanol,Alaves,,,,,,,,,,,,,,,,,,,,,,,,,,,,,,,,,,,,,,,,,,,,,,,,,,,,,,,,,,,,,,,,,,,,,,,,,,,,,,,,,,,,,,,,,,,,,,,,,,,,,,,,,,,,,,,
SP1,30/05/2027,,Getafe,Barcelona,,,,,,,,,,,,,,,,,,,,,,,,,,,,,,,,,,,,,,,,,,,,,,,,,,,,,,,,,,,,,,,,,,,,,,,,,,,,,,,,,,,,,,,,,,,,,,,,,,,,,,,,,,,,,,,
SP1,30/05/2027,,Levante,Celta,,,,,,,,,,,,,,,,,,,,,,,,,,,,,,,,,,,,,,,,,,,,,,,,,,,,,,,,,,,,,,,,,,,,,,,,,,,,,,,,,,,,,,,,,,,,,,,,,,,,,,,,,,,,,,,
SP1,30/05/2027,,Malaga,Sevilla,,,,,,,,,,,,,,,,,,,,,,,,,,,,,,,,,,,,,,,,,,,,,,,,,,,,,,,,,,,,,,,,,,,,,,,,,,,,,,,,,,,,,,,,,,,,,,,,,,,,,,,,,,,,,,,
SP1,30/05/2027,,Osasuna,Valencia,,,,,,,,,,,,,,,,,,,,,,,,,,,,,,,,,,,,,,,,,,,,,,,,,,,,,,,,,,,,,,,,,,,,,,,,,,,,,,,,,,,,,,,,,,,,,,,,,,,,,,,,,,,,,,,
SP1,30/05/2027,,Sociedad,Villarreal,,,,,,,,,,,,,,,,,,,,,,,,,,,,,,,,,,,,,,,,,,,,,,,,,,,,,,,,,,,,,,,,,,,,,,,,,,,,,,,,,,,,,,,,,,,,,,,,,,,,,,,,,,,,,,,
