Div,Date,Time,HomeTeam,AwayTeam,FTHG,FTAG,FTR,HTHG,HTAG,HTR,Referee,HxG,AxG,HS,AS,HST,AST,HF,AF,HC,AC,HY,AY,HR,AR,B365H,B365D,B365A,BFDH,BFDD,BFDA,BVH,BVD,BVA,BWH,BWD,BWA,PPH,PPD,PPA,SKBH,SKBD,SKBA,MaxH,MaxD,MaxA,AvgH,AvgD,AvgA,BFEH,BFED,BFEA,B365>2.5,B365<2.5,Max>2.5,Max<2.5,Avg>2.5,Avg<2.5,BFE>2.5,BFE<2.5,AHh,B365AHH,B365AHA,MaxAHH,MaxAHA,AvgAHH,AvgAHA,BFEAHH,BFEAHA,B365CH,B365CD,B365CA,BFDCH,BFDCD,BFDCA,BVCH,BVCD,BVCA,BWCH,BWCD,BWCA,PPCH,PPCD,PPCA,SKBCH,SKBCD,SKBCA,MaxCH,MaxCD,MaxCA,AvgCH,AvgCD,AvgCA,BFECH,BFECD,BFECA,B365C>2.5,B365C<2.5,MaxC>2.5,MaxC<2.5,AvgC>2.5,AvgC<2.5,BFEC>2.5,BFEC<2.5,AHCh,B365CAHH,B365CAHA,MaxCAHH,MaxCAHA,AvgCAHH,AvgCAHA,BFECAHH,BFECAHA,home_xg,away_xg,xg_source
E0,21/08/2026,20:00,Arsenal,Coventry,3,0,H,2.0,0.0,H,T Bramall,1.88,0.2,20,4,6,1,10.0,13.0,8.0,2.0,1.0,1.0,0.0,0.0,1.2,7.0,13.0,1.2,6.5,15.0,1.18,7.0,15.0,1.2,6.5,12.0,1.17,7.0,15.0,1.17,7.5,14.0,1.23,7.5,16.5,1.19,6.77,14.19,1.23,7.4,18.0,1.57,2.38,1.6,2.45,1.55,2.38,1.64,2.54,-2.0,2.03,1.78,2.05,1.8,1.99,1.76,2.11,1.86,1.18,7.5,13.0,1.22,6.5,13.0,1.2,6.5,15.0,1.2,6.5,11.5,1.17,7.0,15.0,1.17,7.5,14.0,1.22,7.5,16.0,1.2,6.72,14.0,1.23,7.4,18.0,1.57,2.38,1.58,2.45,1.55,2.37,1.63,2.56,-2.0,2.05,1.75,2.05,1.83,2.02,1.74,2.14,1.86,1.85424,0.558336,understat
E0,22/08/2026,12:30,Hull,Man United,2,0,H,2.0,0.0,H,D England,1.01,1.83,8,21,4,5,10.0,9.0,1.0,6.0,2.0,1.0,0.0,0.0,8.5,5.0,1.36,8.5,5.0,1.36,9.0,5.25,1.33,7.5,4.6,1.38,8.5,4.75,1.33,8.0,4.75,1.36,9.0,5.25,1.39,8.37,4.93,1.36,9.6,5.2,1.4,1.67,2.2,1.67,2.3,1.64,2.2,1.7,2.4,1.5,1.78,2.03,1.84,2.05,1.76,1.98,1.87,2.1,9.0,5.0,1.33,9.0,5.5,1.3,9.0,5.25,1.33,7.25,4.8,1.36,8.5,5.0,1.33,8.5,5.0,1.33,9.0,5.5,1.37,8.49,5.11,1.34,9.6,5.4,1.39,1.57,2.38,1.58,2.5,1.55,2.38,1.63,2.56,1.5,1.88,1.98,1.88,1.98,1.82,1.92,1.92,2.06,1.49627,1.77874,understat
E0,22/08/2026,15:00,Everton,Crystal Palace,2,0,H,1.0,0.0,H,P Tierney,1.12,1.96,16,11,5,4,5.0,15.0,4.0,0.0,0.0,1.0,0.0,0.0,2.15,3.5,3.3,2.15,3.5,3.3,2.15,3.5,3.3,2.1,3.3,3.2,2.15,3.3,3.3,2.15,3.3,3.3,3.2,3.5,3.4,2.23,3.4,3.24,2.28,3.55,3.5,1.95,1.9,2.5,1.91,1.93,1.83,2.02,1.96,-0.25,1.88,1.98,1.88,1.98,1.83,1.91,1.95,2.02,2.38,3.4,3.0,2.38,3.4,3.0,2.3,3.5,3.0,2.25,3.25,3.0,2.25,3.3,3.1,2.25,3.4,3.1,2.38,3.5,3.2,2.32,3.36,3.05,2.42,3.45,3.25,1.98,1.88,1.98,1.88,1.93,1.83,2.06,1.92,-0.25,2.05,1.8,2.05,1.84,1.96,1.79,2.08,1.9,1.45085,2.23095,understat
E0,22/08/2026,15:00,Ipswich,Sunderland,2,1,H,1.0,1.0,D,F Hallam,1.8,0.66,10,11,3,4,12.0,14.0,3.0,5.0,0.0,3.0,0.0,0.0,2.7,3.3,2.63,2.63,3.4,2.63,2.7,3.4,2.55,2.65,3.25,2.5,2.7,3.2,2.63,2.7,3.2,2.6,2.75,3.4,2.68,2.69,3.29,2.6,2.88,3.4,2.74,1.98,1.88,2.0,1.9,1.93,1.81,2.1,1.89,0.0,1.95,1.9,1.95,1.9,1.9,1.84,2.04,1.95,3.0,3.3,2.5,2.8,3.3,2.5,2.88,3.25,2.5,2.7,3.1,2.5,2.8,3.1,2.5,2.8,3.25,2.5,3.0,3.3,2.6,2.83,3.22,2.52,3.0,3.35,2.68,2.2,1.67,2.2,1.73,2.14,1.67,2.28,1.76,0.0,2.1,1.78,2.1,1.83,1.99,1.77,2.11,1.89,1.58452,1.17743,understat
E0,22/08/2026,15:00,Nott'm Forest,Leeds,0,1,A,0.0,0.0,D,R Jones,0.66,0.47,12,11,2,3,15.0,14.0,3.0,2.0,2.0,1.0,0.0,0.0,2.3,3.4,3.1,2.3,3.4,3.1,2.3,3.4,3.1,2.25,3.3,2.95,2.25,3.3,3.1,2.25,3.25,3.1,2.35,3.5,3.4,2.27,3.35,3.1,2.4,3.5,3.3,1.98,1.88,2.25,1.91,1.91,1.83,2.0,1.95,-0.25,1.98,1.88,1.98,1.97,1.91,1.84,2.05,1.92,2.5,3.2,2.9,2.4,3.25,3.0,2.5,3.25,2.88,2.37,3.1,2.9,2.45,3.1,3.0,2.4,3.2,2.9,2.52,3.25,3.0,2.45,3.2,2.94,2.6,3.3,3.15,2.2,1.67,2.2,1.75,2.12,1.69,2.26,1.77,-0.25,2.1,1.7,2.1,1.75,2.07,1.7,2.19,1.83,0.656681,0.466247,understat
E0,22/08/2026,17:30,Brentford,Tottenham,3,0,H,2.0,0.0,H,M Oliver,3.88,0.57,26,9,8,4,17.0,14.0,7.0,3.0,1.0,1.0,0.0,0.0,2.4,3.7,2.75,2.38,3.75,2.75,2.4,3.6,2.75,2.37,3.4,2.7,2.4,3.5,2.75,2.38,3.5,2.75,3.4,3.75,2.8,2.48,3.58,2.69,2.52,3.8,2.9,1.67,2.2,2.25,2.2,1.69,2.14,1.76,2.28,0.0,1.8,2.05,1.8,2.05,1.76,1.99,1.86,2.15,1.95,3.9,3.5,2.0,3.75,3.4,2.0,3.8,3.4,1.95,3.6,3.4,1.95,3.75,3.4,1.95,3.8,3.4,2.14,3.9,3.5,1.99,3.71,3.39,2.1,4.0,3.55,1.67,2.2,1.7,2.3,1.65,2.18,1.73,2.36,-0.5,1.98,1.88,2.05,1.88,1.95,1.79,2.09,1.9,4.04155,0.756284,understat
E0,23/08/2026,14:00,Brighton,Aston Villa,4,0,H,4.0,0.0,H,P Bankes,3.77,0.28,21,6,6,0,12.0,11.0,5.0,2.0,2.0,3.0,0.0,1.0,2.15,3.6,3.0,2.25,3.6,3.0,2.15,3.5,3.1,2.15,3.5,3.1,2.2,3.6,3.1,2.2,3.5,3.1,2.25,3.6,3.15,2.19,3.54,3.08,2.28,3.75,3.3,1.73,2.1,1.73,2.2,1.66,2.15,1.79,2.22,-0.25,1.93,1.93,1.93,1.93,1.88,1.87,1.98,1.99,2.05,3.5,3.5,2.1,3.5,3.4,2.1,3.3,3.7,2.0,3.3,3.4,2.05,3.3,3.6,2.05,3.4,3.6,2.12,3.5,3.7,2.07,3.41,3.52,2.16,3.55,3.8,2.03,1.83,2.03,1.85,1.93,1.82,2.06,1.92,-0.25,1.75,2.05,1.8,2.05,1.76,1.98,1.86,2.14,4.00327,0.275249,understat
E0,23/08/2026,14:00,Man City,Bournemouth,2,1,H,0.0,1.0,A,J Gillett,2.36,0.63,13,5,6,4,11.0,11.0,8.0,3.0,1.0,2.0,0.0,0.0,1.48,4.5,6.25,1.44,5.0,6.0,1.44,4.6,6.0,1.46,4.75,5.75,1.44,4.5,6.0,1.44,4.5,5.75,1.48,5.0,6.6,1.45,4.72,5.93,1.52,5.1,6.4,1.44,2.75,1.45,3.0,1.41,2.78,1.47,3.0,-1.25,1.98,1.88,1.98,1.88,1.93,1.81,2.05,1.9,1.45,4.5,7.0,1.44,4.6,6.5,1.4,5.0,7.0,1.43,4.75,6.0,1.44,4.5,6.0,1.44,4.75,6.0,1.48,5.0,7.0,1.44,4.78,6.36,1.51,5.1,7.0,1.57,2.38,1.57,2.63,1.52,2.45,1.59,2.66,-1.25,1.95,1.9,1.95,1.9,1.9,1.84,2.05,1.93,2.47444,0.707541,understat
E0,23/08/2026,16:30,Newcastle,Liverpool,2,2,D,1.0,0.0,H,S Attwell,1.57,2.98,13,27,4,7,16.0,15.0,2.0,6.0,5.0,3.0,0.0,0.0,4.0,3.8,1.9,3.6,4.0,1.9,3.6,3.9,1.85,3.5,3.8,1.87,3.6,4.0,1.85,3.6,3.9,1.85,4.0,4.0,2.5,3.57,3.85,1.92,4.1,4.0,1.95,1.5,2.63,2.0,2.63,1.51,2.53,1.55,2.78,0.5,1.98,1.88,1.98,1.88,1.89,1.84,2.04,1.95,3.9,3.9,1.85,3.6,4.0,1.9,3.8,3.9,1.87,3.6,3.7,1.88,3.8,3.75,1.85,3.8,3.8,1.85,3.9,4.0,2.5,3.66,3.82,1.92,4.1,4.0,1.95,1.44,2.75,2.0,2.8,1.49,2.58,1.51,2.92,0.5,1.98,1.88,1.98,1.88,1.9,1.84,2.04,1.95,1.59465,3.13133,understat
E0,24/08/2026,20:00,Fulham,Chelsea,2,3,A,1.0,2.0,A,J Brooks,1.35,1.7,14,18,6,6,12.0,7.0,6.0,4.0,2.0,3.0,0.0,0.0,3.6,3.8,1.9,3.5,4.0,1.95,3.75,3.75,1.85,3.5,3.5,1.93,3.8,3.7,1.87,3.8,3.6,1.85,3.8,4.0,1.95,3.66,3.76,1.89,4.1,3.95,1.95,1.67,2.2,1.67,2.25,1.61,2.22,1.7,2.34,0.5,1.98,1.88,1.98,1.9,1.87,1.84,2.05,1.94,3.6,3.5,2.05,3.4,3.6,2.05,3.6,3.6,2.0,3.4,3.4,2.0,3.6,3.4,2.0,3.6,3.5,2.0,3.65,3.6,2.08,3.57,3.5,2.02,3.95,3.65,2.1,1.91,1.91,1.91,1.95,1.84,1.91,1.95,2.04,0.5,1.83,2.03,1.83,2.05,1.79,1.95,1.9,2.09,1.41707,2.58384,understat
E0,28/08/2026,20:00,Crystal Palace,Man City,1,4,A,0.0,1.0,A,A Madley,0.66,2.21,9,18,1,9,8.0,11.0,2.0,6.0,1.0,2.0,0.0,0.0,5.0,3.9,1.67,5.0,4.0,1.67,4.8,4.0,1.67,4.6,3.9,1.7,4.75,3.8,1.65,4.75,4.0,1.65,5.0,4.05,1.7,4.83,3.95,1.67,5.3,4.2,1.73,1.73,2.1,1.73,2.2,1.68,2.12,1.76,2.3,0.75,2.0,1.85,2.0,1.88,1.93,1.82,2.05,1.93,5.0,4.2,1.62,5.0,4.2,1.62,5.0,4.2,1.62,4.75,4.1,1.65,5.0,4.0,1.62,5.0,4.2,1.6,5.3,4.3,1.67,4.96,4.13,1.62,5.5,4.3,1.69,1.67,2.2,1.67,2.3,1.63,2.21,1.72,2.36,0.75,2.05,1.75,2.05,1.83,1.99,1.76,2.13,1.87,0.926624,2.56662,understat
E0,29/08/2026,12:30,Liverpool,Nott'm Forest,2,2,D,0.0,1.0,A,S Barrott,1.75,2.3,13,12,4,3,13.0,10.0,3.0,5.0,4.0,2.0,0.0,0.0,1.5,4.5,5.75,1.53,4.33,6.0,1.5,4.5,6.0,1.55,4.6,5.25,1.5,4.33,6.0,1.5,4.33,5.75,2.25,4.6,6.0,1.57,4.39,5.53,1.56,4.8,6.4,1.62,2.3,2.2,2.38,1.63,2.24,1.66,2.48,-1.0,1.83,2.03,1.83,2.03,1.79,1.96,1.92,2.06,1.48,4.5,6.0,,,,,,,1.47,4.8,5.75,1.44,4.5,6.5,1.44,4.75,6.0,1.49,5.0,6.5,1.46,4.7,6.09,1.52,4.9,6.8,1.53,2.5,1.53,2.7,1.49,2.55,1.56,2.76,-1.25,2.03,1.83,2.03,1.84,1.95,1.81,2.12,1.88,1.27921,2.87937,understat
E0,29/08/2026,15:00,Bournemouth,Everton,1,1,D,1.0,0.0,H,C Kavanagh,2.15,1.84,17,13,5,7,11.0,14.0,10.0,7.0,3.0,2.0,0.0,0.0,2.05,3.5,3.6,2.1,3.6,3.3,2.05,3.6,3.5,2.05,3.5,3.5,2.0,3.5,3.5,2.05,3.4,3.5,2.6,3.6,3.6,2.1,3.5,3.41,2.14,3.65,3.75,1.91,1.91,2.5,1.93,1.88,1.87,1.94,2.0,-0.5,2.05,1.8,2.1,1.8,2.01,1.74,2.14,1.85,2.2,3.5,3.25,,,,,,,2.2,3.4,3.2,2.15,3.4,3.25,2.15,3.5,3.25,2.25,3.5,3.39,2.18,3.46,3.24,2.3,3.55,3.45,1.8,2.0,1.83,2.1,1.75,2.03,1.85,2.16,-0.25,1.93,1.93,1.93,1.93,1.87,1.88,1.97,2.0,2.25803,1.66352,understat
E0,29/08/2026,15:00,Coventry,Hull,0,1,A,0.0,0.0,D,J Smith,1.28,0.73,11,6,3,2,11.0,8.0,6.0,2.0,1.0,4.0,0.0,0.0,1.9,3.5,4.2,1.9,3.6,4.2,1.85,3.6,4.2,1.85,3.5,4.2,1.83,3.5,4.33,1.83,3.5,4.2,1.92,3.6,4.33,1.87,3.53,4.19,1.91,3.75,4.7,1.91,1.91,1.91,1.95,1.84,1.9,1.98,2.0,-0.5,1.88,1.98,1.88,1.98,1.82,1.91,1.91,2.08,1.73,3.9,4.75,1.73,4.0,4.5,1.7,3.75,5.0,1.7,3.9,4.75,1.7,3.7,4.75,1.7,3.8,4.75,1.76,4.0,5.0,1.72,3.82,4.72,1.79,3.95,5.2,1.73,2.1,1.73,2.15,1.7,2.08,1.8,2.22,-0.75,1.9,1.95,1.95,1.95,1.89,1.86,2.0,1.98,1.18233,0.459726,understat
E0,29/08/2026,17:30,Tottenham,Newcastle,0,2,A,0.0,0.0,D,P Bankes,1.04,0.75,17,11,6,2,15.0,9.0,9.0,7.0,1.0,2.0,0.0,0.0,2.25,3.75,2.9,2.25,3.75,2.88,2.25,3.75,2.9,2.25,3.6,2.9,2.25,3.6,2.9,2.25,3.6,2.9,2.3,3.75,2.98,2.25,3.65,2.88,2.38,3.85,3.05,1.62,2.3,2.2,2.3,1.64,2.19,1.68,2.44,-0.25,2.0,1.85,2.0,1.85,1.93,1.81,2.07,1.91,2.15,3.75,3.1,2.15,3.75,3.1,2.15,3.75,3.1,2.15,3.7,3.1,2.15,3.6,3.0,2.15,3.7,3.0,2.22,3.77,3.11,2.15,3.67,3.06,2.26,3.85,3.3,1.62,2.3,1.62,2.4,1.6,2.26,1.67,2.48,-0.25,1.9,1.95,1.9,1.95,1.86,1.89,1.98,2.01,1.12037,1.00952,understat
E0,30/08/2026,14:00,Chelsea,Brighton,4,3,H,3.0,1.0,H,M Oliver,2.93,1.4,17,15,6,6,6.0,12.0,4.0,7.0,1.0,3.0,0.0,0.0,1.83,4.0,4.0,1.83,3.75,4.0,1.8,3.8,3.9,1.82,4.0,3.9,1.8,3.8,4.0,1.8,3.8,4.0,1.88,4.0,4.0,1.82,3.85,3.93,1.88,4.1,4.3,1.62,2.3,2.25,2.38,1.64,2.22,1.67,2.46,-0.5,1.83,2.03,1.83,2.03,1.78,1.95,1.88,2.12,1.83,3.8,4.0,,,,,,,1.83,3.9,3.9,1.83,3.75,3.8,1.83,3.8,3.8,1.86,4.0,4.0,1.83,3.83,3.89,1.93,4.0,4.3,1.62,2.3,1.62,2.4,1.59,2.29,1.64,2.52,-0.5,1.83,2.03,1.83,2.03,1.78,1.95,1.93,2.07,3.8289,1.79173,understat
E0,30/08/2026,14:00,Leeds,Brentford,1,1,D,0.0,1.0,A,T Harrington,1.43,1.56,12,22,2,5,5.0,13.0,5.0,6.0,0.0,4.0,0.0,0.0,2.6,3.3,2.7,2.6,3.5,2.63,2.55,3.4,2.63,2.55,3.4,2.65,2.6,3.3,2.7,2.6,3.25,2.7,2.88,3.5,2.75,2.58,3.36,2.67,2.7,3.5,2.86,1.9,1.95,2.1,1.95,1.86,1.88,1.98,1.98,0.0,1.88,1.98,1.88,1.98,1.82,1.92,1.93,2.05,2.8,3.4,2.45,2.8,3.5,2.4,2.75,3.5,2.45,2.7,3.4,2.5,2.75,3.3,2.5,2.75,3.4,2.45,2.83,3.5,2.55,2.74,3.4,2.48,2.9,3.5,2.68,1.83,2.03,1.83,2.05,1.78,1.98,1.88,2.12,0.0,2.05,1.8,2.05,1.83,1.98,1.78,2.06,1.93,1.14993,1.61344,understat
E0,30/08/2026,14:00,Sunderland,Fulham,1,0,H,0.0,0.0,D,M Salisbury,2.02,0.95,12,11,4,0,10.0,15.0,3.0,4.0,0.0,2.0,0.0,0.0,2.4,3.2,3.1,2.4,3.4,2.88,2.38,3.25,2.9,2.37,3.25,3.0,2.4,3.2,3.0,2.4,3.1,2.9,2.45,3.4,3.1,2.39,3.24,2.96,2.56,3.35,3.15,2.0,1.8,2.25,1.8,2.01,1.74,2.14,1.84,-0.25,2.05,1.8,2.05,1.8,2.01,1.75,2.19,1.83,2.2,3.3,3.4,2.25,3.4,3.2,2.25,3.2,3.4,2.2,3.3,3.25,2.2,3.25,3.3,2.2,3.3,3.3,2.26,3.4,3.41,2.22,3.29,3.28,2.32,3.4,3.55,2.0,1.8,2.2,1.83,2.0,1.76,2.1,1.89,-0.25,1.93,1.93,1.93,1.93,1.89,1.86,1.98,2.0,1.56229,1.02405,understat
E0,30/08/2026,16:30,Man United,Ipswich,5,2,H,1.0,1.0,D,C Pawson,4.56,2.01,33,9,11,5,7.0,12.0,8.0,4.0,1.0,3.0,0.0,0.0,1.42,5.0,7.0,1.4,5.0,7.5,1.36,4.8,7.5,1.43,5.0,6.5,1.4,4.75,7.0,1.4,4.75,7.0,1.43,5.0,7.8,1.4,4.82,6.94,1.45,5.1,8.0,1.57,2.38,1.6,2.38,1.57,2.29,1.65,2.46,-1.25,1.88,1.98,1.9,1.98,1.86,1.89,1.94,1.98,1.33,5.5,7.5,1.33,5.5,8.0,1.3,5.75,9.0,1.35,5.5,7.5,1.33,5.0,8.0,1.33,5.5,8.0,1.38,5.75,9.0,1.34,5.39,7.68,1.39,5.8,9.0,1.4,3.0,1.45,3.1,1.39,2.86,1.44,3.2,-1.5,1.9,1.95,1.93,1.95,1.88,1.85,2.0,1.99,4.86612,1.80548,understat
E0,31/08/2026,20:00,Aston Villa,Arsenal,0,1,A,0.0,0.0,D,J Gillett,0.32,1.05,7,7,0,2,17.0,6.0,2.0,4.0,3.0,1.0,0.0,0.0,6.0,4.1,1.53,6.0,4.2,1.53,6.0,4.1,1.5,5.75,4.1,1.55,6.5,4.0,1.5,6.25,4.0,1.5,6.5,4.2,1.55,5.99,4.11,1.52,7.0,4.4,1.56,1.83,2.03,1.83,2.1,1.75,2.0,1.9,2.06,1.0,1.93,1.93,1.93,1.93,1.87,1.86,1.97,1.95,6.5,4.33,1.48,7.0,4.5,1.44,7.0,4.5,1.44,6.5,4.4,1.49,6.5,4.5,1.44,6.5,4.5,1.44,7.2,4.5,1.52,6.54,4.41,1.47,7.4,4.8,1.51,1.73,2.1,1.75,2.15,1.7,2.08,1.81,2.2,1.0,2.05,1.75,2.1,1.8,2.05,1.72,2.15,1.86,0.281925,1.52441,understat
E0,04/09/2026,20:00,Ipswich,Liverpool,0,2,A,0.0,2.0,A,D England,0.76,0.68,14,10,5,7,6.0,13.0,4.0,3.0,1.0,3.0,0.0,0.0,5.25,4.75,1.5,5.5,5.0,1.5,5.75,4.8,1.5,5.0,4.8,1.53,5.5,4.75,1.44,5.5,5.0,1.44,5.8,5.0,1.54,5.48,4.8,1.5,6.2,5.2,1.54,1.4,3.0,1.42,3.1,1.37,2.99,1.44,3.2,1.25,1.8,2.05,1.8,2.08,1.77,1.99,1.88,2.09,4.75,4.33,1.62,5.0,4.33,1.6,5.0,4.4,1.6,4.6,4.2,1.66,5.0,4.2,1.6,5.0,4.33,1.6,5.1,4.5,1.66,4.86,4.34,1.62,5.4,4.5,1.67,1.5,2.63,1.5,2.8,1.45,2.66,1.52,2.88,1.0,1.83,2.03,1.83,2.05,1.79,1.97,1.89,2.11,0.597972,0.744139,understat
E0,05/09/2026,12:30,Newcastle,Bournemouth,2,2,D,1.0,2.0,A,R Jones,0.71,1.37,8,17,2,5,19.0,17.0,4.0,3.0,2.0,3.0,0.0,0.0,2.1,3.6,3.3,2.15,3.75,3.1,2.1,3.8,3.2,2.1,3.75,3.1,2.05,3.5,3.3,2.05,3.5,3.25,2.15,3.8,3.3,2.1,3.64,3.19,2.18,3.8,3.5,1.57,2.38,1.6,2.4,1.55,2.37,1.64,2.52,-0.25,1.83,2.03,1.83,2.03,1.8,1.95,1.9,2.09,2.15,3.5,3.25,2.15,3.75,3.1,2.1,3.8,3.2,,,,2.05,3.6,3.3,2.05,3.75,3.3,2.15,3.8,3.3,2.12,3.64,3.22,2.2,3.8,3.45,1.62,2.3,1.64,2.45,1.58,2.32,1.67,2.48,-0.25,1.85,2.0,1.85,2.0,1.8,1.94,1.93,2.07,0.771636,1.63891,understat
E0,05/09/2026,15:00,Brentford,Sunderland,1,1,D,0.0,0.0,D,T Bramall,1.2,1.71,12,14,2,5,19.0,9.0,4.0,3.0,3.0,2.0,0.0,0.0,1.62,3.9,5.5,1.62,4.0,5.5,1.62,4.0,5.25,1.61,4.0,5.25,1.62,3.8,5.5,1.62,3.8,5.25,1.67,4.0,5.5,1.62,3.9,5.29,1.69,4.1,5.9,1.8,2.0,2.1,2.0,1.82,1.93,1.92,2.06,-0.75,1.83,2.03,1.83,2.03,1.78,1.98,1.88,2.1,1.7,3.8,4.75,1.67,4.0,5.0,1.67,3.9,5.0,1.68,3.8,5.0,1.67,3.8,4.75,1.67,4.0,4.75,1.74,4.0,5.05,1.68,3.86,4.89,1.76,3.95,5.4,1.83,2.03,1.83,2.03,1.79,1.97,1.88,2.12,-0.75,1.88,1.98,1.91,1.98,1.86,1.89,1.96,2.0,1.58584,2.15489,understat
E0,05/09/2026,15:00,Brighton,Leeds,1,1,D,0.0,1.0,A,S Attwell,2.2,2.5,20,10,5,5,13.0,16.0,7.0,6.0,3.0,3.0,0.0,0.0,1.95,3.5,3.9,1.95,3.6,3.75,1.95,3.6,3.75,1.95,3.6,3.7,1.95,3.5,3.75,1.95,3.4,3.75,2.38,3.6,3.9,1.98,3.52,3.68,2.06,3.65,4.0,1.91,1.91,2.1,1.95,1.85,1.89,1.93,2.04,-0.5,1.98,1.88,1.98,1.88,1.9,1.83,2.06,1.93,1.91,3.7,3.75,1.95,3.75,3.5,1.91,3.7,3.8,1.95,3.6,3.75,1.95,3.5,3.75,1.95,3.6,3.75,2.0,3.75,3.88,1.94,3.63,3.73,2.04,3.75,4.0,1.8,2.0,1.8,2.05,1.76,2.01,1.86,2.12,-0.5,1.95,1.9,1.98,1.9,1.89,1.84,2.05,1.94,2.22026,2.23407,understat
E0,05/09/2026,15:00,Fulham,Crystal Palace,2,3,A,2.0,1.0,H,S Barrott,3.14,1.97,25,10,6,5,6.0,7.0,7.0,1.0,0.0,0.0,0.0,0.0,2.3,3.25,3.25,2.3,3.5,3.0,2.25,3.5,3.1,2.25,3.4,3.1,2.25,3.3,3.1,2.25,3.25,3.1,3.0,3.5,3.25,2.32,3.37,3.03,2.36,3.5,3.35,1.91,1.91,2.5,1.93,1.89,1.86,1.97,2.0,-0.25,1.98,1.88,1.98,1.88,1.93,1.81,2.02,1.94,2.2,3.4,3.4,2.2,3.5,3.2,2.15,3.5,3.3,2.15,3.4,3.4,2.1,3.25,3.5,2.1,3.3,3.4,2.25,3.5,3.52,2.16,3.39,3.35,2.24,3.45,3.7,1.88,1.98,1.88,2.0,1.84,1.92,1.94,2.06,-0.25,1.88,1.98,1.9,1.98,1.84,1.92,1.9,2.09,2.88274,2.35981,understat
E0,05/09/2026,15:00,Man City,Coventry,1,0,H,1.0,0.0,H,P Tierney,2.12,1.37,15,12,4,3,7.0,17.0,4.0,5.0,1.0,2.0,0.0,0.0,1.18,8.0,12.0,1.17,7.5,15.0,1.15,8.0,15.0,1.2,7.5,12.5,1.14,8.0,15.0,1.14,7.5,13.0,1.2,8.5,15.5,1.17,7.64,13.85,1.19,8.8,18.0,1.36,3.2,1.36,3.25,1.34,3.17,1.38,3.5,-2.25,2.03,1.78,2.03,1.83,1.97,1.77,2.05,1.91,1.18,7.5,13.0,1.2,7.0,13.0,1.18,7.5,13.0,,,,1.17,7.5,14.0,1.17,8.0,13.0,1.22,8.0,14.0,1.19,7.18,12.96,1.21,8.2,17.0,1.4,3.0,1.42,3.1,1.38,2.95,1.45,3.15,-2.0,1.98,1.88,1.98,1.9,1.89,1.86,2.04,1.95,2.19038,1.49306,understat
E0,05/09/2026,15:00,Nott'm Forest,Tottenham,0,0,D,0.0,0.0,D,C Pawson,0.92,1.07,12,11,2,0,22.0,14.0,2.0,10.0,2.0,2.0,0.0,0.0,2.4,3.4,2.9,2.4,3.4,2.88,2.38,3.4,2.9,2.45,3.25,2.87,2.38,3.3,2.88,2.38,3.3,2.88,2.5,3.4,2.9,2.4,3.36,2.86,2.52,3.55,3.05,1.91,1.91,2.38,1.91,1.91,1.83,1.98,1.99,-0.25,2.05,1.8,2.05,1.8,2.0,1.75,2.16,1.84,2.7,3.3,2.63,2.6,3.5,2.63,2.63,3.5,2.55,,,,2.63,3.25,2.63,2.63,3.3,2.63,2.74,3.5,2.65,2.64,3.38,2.61,2.84,3.5,2.76,1.85,2.0,1.9,2.0,1.84,1.92,1.94,2.04,0.0,1.98,1.88,1.98,1.9,1.9,1.85,2.02,1.97,0.831692,1.48446,understat
E0,05/09/2026,17:30,Hull,Aston Villa,0,0,D,0.0,0.0,D,M Oliver,0.57,1.93,11,13,4,1,10.0,5.0,3.0,4.0,2.0,0.0,0.0,0.0,4.2,3.6,1.85,4.0,3.75,1.83,4.1,3.6,1.87,4.1,3.6,1.85,4.0,3.6,1.85,3.9,3.6,1.85,4.2,3.75,1.9,4.04,3.62,1.86,4.3,3.85,1.95,1.88,1.98,1.88,1.98,1.83,1.91,1.94,2.02,0.5,1.98,1.88,1.98,1.88,1.91,1.82,2.04,1.95,4.0,3.6,1.91,4.0,3.75,1.83,4.0,3.7,1.87,,,,3.8,3.6,1.9,3.8,3.7,1.9,4.3,3.75,1.95,3.92,3.59,1.89,4.3,3.75,1.99,1.8,2.0,1.84,2.05,1.8,1.96,1.94,2.04,0.5,1.93,1.93,1.95,1.93,1.9,1.83,2.01,1.98,0.812385,1.63526,understat
E0,06/09/2026,14:00,Everton,Man United,2,2,D,0.0,0.0,D,J Brooks,1.01,0.69,18,14,6,3,7.0,11.0,4.0,3.0,3.0,3.0,0.0,0.0,3.3,3.5,2.1,3.2,3.6,2.15,3.13,3.6,2.1,3.1,3.6,2.2,3.3,3.5,2.1,3.25,3.5,2.1,3.3,3.6,2.2,3.21,3.54,2.12,3.45,3.75,2.22,1.73,2.1,1.73,2.2,1.67,2.12,1.75,2.26,0.25,2.0,1.85,2.0,1.85,1.93,1.81,2.05,1.92,3.75,3.8,1.9,3.3,3.75,2.0,3.8,3.9,1.87,3.6,3.75,1.93,3.6,3.75,1.91,3.6,3.8,1.91,3.8,3.9,2.0,3.65,3.82,1.91,3.9,3.95,2.0,1.57,2.38,1.62,2.4,1.57,2.34,1.65,2.52,0.5,1.95,1.9,1.95,1.95,1.88,1.85,1.99,2.0,1.05629,0.872225,understat
E0,06/09/2026,16:30,Arsenal,Chelsea,2,1,H,1.0,1.0,D,C Kavanagh,2.05,0.39,16,13,9,5,13.0,16.0,5.0,3.0,2.0,4.0,0.0,0.0,1.67,3.75,5.25,1.7,4.0,4.6,1.67,3.8,4.75,1.66,3.9,5.0,1.7,3.8,4.5,1.7,3.8,4.5,1.73,4.0,5.25,1.69,3.8,4.82,1.75,4.0,5.3,1.73,2.1,1.77,2.1,1.73,2.03,1.81,2.18,-0.75,1.88,1.98,1.88,1.98,1.84,1.9,1.96,2.0,1.7,3.9,4.75,1.7,4.0,4.6,1.7,3.8,5.0,1.7,4.0,4.6,1.67,3.75,4.75,1.67,3.8,4.75,1.73,4.0,5.0,1.7,3.85,4.74,1.77,4.0,5.2,1.73,2.1,1.8,2.15,1.71,2.07,1.78,2.26,-0.75,1.93,1.93,1.93,1.93,1.87,1.88,1.97,2.0,2.80555,0.430508,understat
E0,12/09/2026,15:00,Aston Villa,Nott'm Forest,1,2,A,0.0,0.0,D,A Madley,0.82,2.28,7,22,5,7,11.0,16.0,6.0,1.0,2.0,5.0,0.0,0.0,2.2,3.4,3.25,2.15,3.5,3.25,2.25,3.4,3.13,2.15,3.5,3.25,2.2,3.3,3.2,2.2,3.25,3.1,2.3,3.5,3.25,2.22,3.39,3.17,2.38,3.5,3.35,1.98,1.88,1.98,1.88,1.89,1.83,2.06,1.92,-0.25,1.93,1.93,1.93,1.93,1.9,1.84,2.04,1.94,2.25,3.4,3.2,2.2,3.5,3.2,2.25,3.5,3.13,2.2,3.4,3.2,2.2,3.3,3.25,2.2,3.4,3.2,2.25,3.5,3.3,2.22,3.43,3.19,2.34,3.55,3.4,1.91,1.91,1.91,1.95,1.83,1.92,1.94,2.04,-0.25,1.98,1.88,1.98,1.9,1.89,1.86,2.01,1.96,1.08786,2.79451,understat
E0,12/09/2026,15:00,Bournemouth,Brentford,2,2,D,1.0,1.0,D,J Gillett,1.75,0.5,20,8,10,2,10.0,13.0,2.0,1.0,5.0,1.0,0.0,0.0,2.5,3.6,2.7,2.5,3.75,2.6,2.4,3.7,2.7,2.45,3.5,2.75,2.45,3.5,2.7,2.45,3.5,2.7,2.5,3.75,2.8,2.45,3.58,2.68,2.58,3.75,2.88,1.62,2.3,2.5,2.3,1.67,2.2,1.67,2.44,0.0,1.83,2.03,1.83,2.03,1.78,1.96,1.89,2.11,2.25,3.6,3.0,2.3,3.5,2.8,2.25,3.7,2.9,2.3,3.6,2.95,2.3,3.5,2.88,2.3,3.6,2.88,2.32,3.7,3.0,2.29,3.59,2.91,2.4,3.7,3.15,1.62,2.3,2.5,2.3,1.69,2.17,1.71,2.38,-0.25,1.95,1.9,1.95,1.9,1.93,1.82,2.07,1.9,2.54949,0.794238,understat
E0,12/09/2026,15:00,Chelsea,Hull,2,2,D,1.0,2.0,A,F Hallam,0.9,1.38,12,14,7,5,7.0,12.0,10.0,4.0,1.0,5.0,0.0,0.0,1.22,6.5,11.0,1.22,6.5,12.0,1.2,7.0,13.0,1.23,6.5,11.5,1.2,6.5,13.0,1.2,6.5,12.0,1.23,7.0,13.0,1.21,6.5,11.92,1.25,7.2,14.5,1.4,3.0,1.42,3.0,1.39,2.83,1.46,3.05,-2.0,2.05,1.8,2.05,1.8,1.99,1.77,2.08,1.87,1.22,6.5,12.0,1.22,6.5,13.0,1.2,7.0,13.0,1.23,6.75,11.0,1.18,7.0,12.0,1.18,7.0,12.0,1.23,7.0,13.0,1.21,6.67,11.96,1.24,7.6,14.5,1.44,2.75,1.45,3.0,1.42,2.78,1.47,3.05,-1.75,1.8,2.05,1.8,2.05,1.76,2.0,1.86,2.14,1.21374,1.80363,understat
E0,12/09/2026,15:00,Crystal Palace,Ipswich,2,3,A,1.0,2.0,A,C Kavanagh,0.61,1.68,11,12,4,6,6.0,16.0,6.0,3.0,1.0,3.0,1.0,0.0,1.85,3.8,3.9,1.83,3.75,4.0,1.83,3.75,4.1,1.88,3.7,3.9,1.83,3.7,4.0,1.83,3.6,4.0,1.89,3.9,4.1,1.84,3.74,3.98,1.91,3.95,4.4,1.8,2.0,1.83,2.1,1.76,1.99,1.84,2.16,-0.5,1.85,2.0,1.85,2.0,1.8,1.93,1.91,2.08,2.15,3.75,3.1,2.05,3.6,3.4,2.1,3.7,3.2,2.15,3.6,3.2,2.1,3.4,3.3,2.1,3.5,3.25,2.2,3.75,3.5,2.1,3.62,3.27,2.26,3.65,3.45,1.67,2.2,1.7,2.25,1.66,2.16,1.74,2.32,-0.25,1.9,1.95,1.9,2.0,1.82,1.94,1.92,2.07,0.937888,2.03423,understat
E0,12/09/2026,15:00,Liverpool,Fulham,0,0,D,0.0,0.0,D,T Bramall,1.28,0.68,14,10,3,4,11.0,8.0,5.0,8.0,0.0,1.0,0.0,0.0,1.42,5.0,6.25,1.44,4.6,6.5,1.44,5.0,6.5,1.46,5.0,6.0,1.4,4.75,6.5,1.44,4.75,6.25,1.46,5.0,7.2,1.44,4.85,6.37,1.48,5.3,7.2,1.44,2.75,2.2,2.75,1.5,2.59,1.51,2.92,-1.25,1.93,1.93,1.93,1.93,1.88,1.87,2.01,1.95,1.5,4.5,5.25,1.5,4.6,6.0,1.5,4.6,5.75,1.51,4.75,5.5,1.5,4.5,6.0,1.44,4.5,6.0,1.53,4.75,6.2,1.5,4.58,5.74,1.55,4.7,6.6,1.5,2.63,1.52,2.75,1.47,2.61,1.53,2.84,-1.0,1.83,2.03,1.83,2.05,1.77,1.98,1.9,2.09,1.79832,0.922453,understat
E0,12/09/2026,17:30,Tottenham,Everton,0,0,D,0.0,0.0,D,D England,0.69,1.11,14,12,2,3,14.0,8.0,5.0,6.0,0.0,2.0,0.0,0.0,2.0,3.6,3.6,2.05,3.6,3.5,2.0,3.5,3.7,2.05,3.5,3.5,2.0,3.6,3.5,2.0,3.5,3.5,2.05,3.6,3.75,2.02,3.53,3.55,2.12,3.75,3.75,1.91,1.91,2.38,1.91,1.9,1.84,1.97,2.0,-0.5,2.0,1.85,2.0,1.85,1.96,1.78,2.12,1.87,2.0,3.6,3.5,2.0,3.6,3.6,1.95,3.75,3.6,1.98,3.6,3.6,1.95,3.5,3.6,1.95,3.6,3.6,2.05,3.75,3.7,1.98,3.63,3.59,2.08,3.8,3.8,1.73,2.1,1.8,2.15,1.72,2.07,1.81,2.22,-0.5,2.0,1.85,2.0,1.85,1.93,1.8,2.08,1.9,0.736856,1.60056,understat
E0,12/09/2026,20:00,Sunderland,Arsenal,0,2,A,0.0,0.0,D,J Brooks,1.8,1.88,12,11,3,5,18.0,11.0,4.0,2.0,6.0,2.0,1.0,0.0,7.5,4.1,1.48,8.0,4.0,1.44,7.5,4.2,1.45,7.0,4.2,1.49,7.5,4.2,1.4,7.5,4.0,1.44,8.0,4.3,1.49,7.36,4.12,1.46,8.4,4.4,1.51,2.1,1.73,2.1,1.78,2.02,1.74,2.16,1.84,1.0,2.05,1.8,2.05,1.8,1.96,1.78,2.09,1.89,6.0,3.6,1.6,6.0,3.75,1.6,6.0,3.8,1.6,5.5,3.75,1.65,6.0,3.6,1.62,6.5,3.75,1.57,6.5,3.8,1.71,5.89,3.72,1.62,6.6,3.85,1.68,2.1,1.73,2.15,1.75,2.08,1.71,2.26,1.78,0.75,2.03,1.83,2.03,1.87,1.98,1.78,2.12,1.88,2.07033,1.98905,understat
E0,13/09/2026,14:00,Coventry,Brighton,0,5,A,0.0,1.0,A,T Harrington,1.34,2.8,14,22,6,7,9.0,15.0,5.0,3.0,0.0,0.0,1.0,0.0,3.8,3.9,1.9,4.0,3.75,1.83,3.9,3.7,1.83,4.0,3.7,1.87,3.8,3.75,1.85,3.9,3.75,1.85,4.1,3.9,1.9,3.91,3.73,1.85,4.2,4.0,1.94,1.73,2.1,1.75,2.1,1.72,2.03,1.82,2.16,0.5,1.98,1.88,1.98,1.88,1.91,1.81,2.05,1.94,3.7,3.8,1.91,3.75,3.75,1.9,3.75,3.9,1.87,3.7,3.75,1.93,3.75,3.7,1.9,3.75,3.8,1.9,3.8,3.9,1.95,3.71,3.78,1.91,4.0,3.9,1.99,1.62,2.3,1.65,2.38,1.61,2.24,1.69,2.42,0.5,1.93,1.93,1.93,1.93,1.88,1.85,1.99,2.0,1.04812,2.76518,understat
E0,13/09/2026,16:30,Man United,Man City,0,1,A,0.0,0.0,D,M Oliver,1.0,1.1,16,6,3,2,17.0,10.0,6.0,7.0,1.0,2.0,0.0,1.0,3.25,3.8,2.1,3.1,4.0,2.05,3.0,3.75,2.1,3.1,3.8,2.15,3.1,3.75,2.1,3.1,3.75,2.1,3.25,4.0,2.15,3.08,3.78,2.1,3.35,4.0,2.18,1.53,2.5,1.55,2.55,1.5,2.49,1.57,2.68,0.25,2.0,1.85,2.0,1.85,1.93,1.81,2.07,1.91,3.0,3.75,2.2,3.0,3.8,2.15,3.0,3.75,2.2,2.85,3.75,2.25,3.0,3.6,2.2,2.9,3.75,2.2,3.0,3.9,2.26,2.95,3.76,2.2,3.2,3.9,2.3,1.44,2.75,1.5,2.9,1.45,2.67,1.51,2.9,0.25,1.88,1.98,1.88,1.98,1.85,1.91,1.97,2.0,0.943406,1.14073,understat
E0,14/09/2026,20:00,Leeds,Newcastle,4,1,H,3.0,0.0,H,M Salisbury,1.91,0.85,15,7,6,5,8.0,13.0,5.0,5.0,1.0,2.0,0.0,0.0,2.38,3.5,2.88,2.4,3.6,2.75,2.3,3.5,2.8,2.4,3.5,2.8,2.38,3.4,2.88,2.38,3.3,2.8,2.5,3.6,2.88,2.38,3.45,2.81,2.48,3.6,3.05,1.8,2.0,1.8,2.05,1.75,2.0,1.84,2.12,-0.25,2.05,1.8,2.1,1.8,2.02,1.73,2.14,1.86,2.3,3.5,3.0,2.3,3.6,2.88,2.38,3.4,2.9,2.25,3.5,3.0,2.3,3.4,3.0,2.3,3.5,2.9,2.38,3.6,3.15,2.3,3.46,2.98,2.44,3.6,3.15,1.73,2.1,1.73,2.2,1.68,2.12,1.79,2.24,-0.25,2.03,1.83,2.03,1.84,1.97,1.79,2.09,1.9,2.2902,0.793165,understat
E0,18/09/2026,20:00,Brentford,Chelsea,3,0,H,0.0,0.0,D,A Madley,2.65,0.85,13,12,6,2,10.0,7.0,4.0,12.0,2.0,0.0,0.0,0.0,2.55,3.8,2.45,2.6,3.75,2.5,2.63,3.6,2.5,2.55,3.75,2.5,2.6,3.6,2.5,2.6,3.75,2.5,2.71,3.8,2.5,2.62,3.7,2.48,2.7,3.9,2.66,1.5,2.63,1.54,2.7,1.48,2.59,1.53,2.82,0.0,1.95,1.9,1.95,1.9,1.91,1.84,2.0,1.99,2.55,3.6,2.6,2.5,3.6,2.6,2.55,3.6,2.55,2.5,3.6,2.6,2.5,3.6,2.6,2.5,3.7,2.5,2.6,3.75,2.65,2.53,3.63,2.58,2.66,3.75,2.72,1.53,2.5,1.58,2.63,1.49,2.54,1.58,2.7,0.0,1.88,1.98,1.9,1.98,1.87,1.88,1.95,2.04,2.47935,0.885111,understat
E0,19/09/2026,12:30,Tottenham,Aston Villa,2,3,A,0.0,1.0,A,S Barrott,1.56,1.16,20,15,7,6,9.0,13.0,11.0,1.0,1.0,2.0,0.0,0.0,2.0,3.5,3.7,2.0,3.6,3.6,2.0,3.6,3.6,2.0,3.6,3.5,1.95,3.5,3.7,2.0,3.6,3.6,2.0,3.7,3.8,1.99,3.59,3.62,2.08,3.7,3.95,1.83,2.03,1.83,2.03,1.78,1.98,1.9,2.08,-0.5,2.03,1.83,2.03,1.84,1.93,1.8,2.08,1.91,1.85,3.75,3.9,1.9,3.75,3.75,1.87,3.9,3.8,1.85,3.9,3.8,1.9,3.6,3.8,1.9,3.75,3.8,1.93,3.9,4.0,1.89,3.77,3.81,1.98,3.9,4.1,1.62,2.3,1.64,2.4,1.6,2.29,1.69,2.44,-0.5,1.88,1.98,1.88,1.98,1.82,1.91,1.97,2.01,1.72177,1.7092,understat
E0,19/09/2026,15:00,Brighton,Arsenal,3,0,H,2.0,0.0,H,D England,1.31,1.63,17,11,5,2,13.0,11.0,5.0,6.0,4.0,1.0,0.0,0.0,5.0,3.9,1.67,5.0,4.0,1.67,4.8,4.0,1.67,4.6,3.9,1.72,4.75,3.8,1.67,4.75,3.8,1.67,5.0,4.0,1.72,4.77,3.89,1.68,5.3,4.1,1.73,1.73,2.1,1.73,2.1,1.71,2.06,1.8,2.2,0.75,2.0,1.85,2.0,1.85,1.92,1.83,2.05,1.93,5.0,3.8,1.7,4.6,4.0,1.7,5.0,3.9,1.67,5.0,3.8,1.68,5.0,3.75,1.67,5.0,3.8,1.67,5.25,4.0,1.73,4.92,3.84,1.68,5.6,4.1,1.73,1.83,2.03,1.83,2.05,1.78,1.98,1.89,2.12,0.75,1.95,1.9,1.95,1.9,1.91,1.85,2.06,1.92,2.11268,1.23979,understat
E0,19/09/2026,15:00,Everton,Ipswich,1,0,H,1.0,0.0,H,S Attwell,2.24,1.44,21,13,2,4,6.0,12.0,4.0,4.0,2.0,1.0,0.0,1.0,1.75,3.8,4.5,1.8,3.75,4.2,1.75,3.9,4.4,1.75,3.9,4.33,1.75,3.7,4.5,1.75,3.75,4.2,1.8,3.9,4.75,1.76,3.79,4.36,1.85,3.9,4.8,1.73,2.1,1.73,2.1,1.7,2.08,1.8,2.22,-0.75,1.98,1.88,1.98,1.88,1.93,1.81,2.09,1.9,1.7,3.9,4.5,1.73,4.0,4.33,1.73,3.9,4.5,1.78,3.8,4.33,1.73,3.75,4.5,1.73,3.8,4.5,1.78,4.0,4.55,1.74,3.85,4.43,1.83,4.0,4.9,1.67,2.2,1.7,2.2,1.67,2.14,1.79,2.22,-0.75,1.93,1.93,1.98,1.93,1.91,1.84,2.06,1.92,2.58285,1.10179,understat
E0,19/09/2026,15:00,Newcastle,Hull,2,1,H,2.0,0.0,H,T Harrington,1.44,1.59,12,22,5,4,4.0,10.0,4.0,7.0,1.0,4.0,0.0,0.0,1.6,4.33,5.0,1.57,4.2,5.5,1.57,4.2,5.5,1.6,4.2,5.0,1.57,4.33,5.0,1.57,4.2,5.0,1.62,4.35,5.5,1.58,4.26,5.1,1.64,4.6,5.6,1.62,2.3,1.62,2.3,1.59,2.27,1.67,2.44,-1.0,2.0,1.85,2.0,1.85,1.93,1.81,2.03,1.94,1.6,4.5,5.0,1.6,4.2,5.0,1.57,4.33,5.25,1.6,4.33,5.0,1.57,4.2,5.0,1.57,4.33,5.0,1.62,4.5,5.35,1.59,4.29,5.05,1.65,4.5,5.7,1.57,2.38,1.58,2.4,1.55,2.38,1.62,2.56,-1.0,2.0,1.85,2.0,1.85,1.94,1.8,2.08,1.89,1.37521,1.15888,understat
E0,19/09/2026,17:30,Nott'm Forest,Coventry,0,1,A,0.0,0.0,D,J Gillett,1.1,0.67,24,10,3,3,12.0,10.0,6.0,2.0,2.0,0.0,0.0,0.0,1.57,4.0,5.75,1.6,4.0,5.5,1.55,4.2,5.75,1.6,4.1,5.25,1.57,3.8,5.5,1.57,3.9,5.5,1.6,4.2,6.0,1.58,4.02,5.54,1.64,4.3,6.2,1.8,2.0,1.8,2.05,1.75,2.01,1.84,2.14,-1.0,1.98,1.88,2.0,1.88,1.95,1.8,2.08,1.89,1.62,3.9,5.25,1.67,4.0,5.0,1.62,4.1,5.25,1.63,4.0,5.0,1.62,3.75,5.5,1.62,3.8,5.5,1.67,4.1,5.6,1.63,3.93,5.21,1.68,4.1,6.0,1.73,2.1,1.8,2.15,1.73,2.04,1.83,2.18,-0.75,1.83,2.03,1.83,2.03,1.78,1.98,1.87,2.11,1.31852,0.69375,understat
E0,20/09/2026,14:00,Bournemouth,Liverpool,0,1,A,0.0,0.0,D,M Oliver,0.79,1.65,9,12,2,3,11.0,13.0,3.0,3.0,1.0,2.0,0.0,0.0,3.2,3.8,2.1,3.0,3.75,2.15,3.0,3.8,2.1,3.1,3.75,2.15,3.1,3.75,2.1,3.1,3.75,2.1,3.2,3.9,2.38,3.05,3.78,2.13,3.3,4.0,2.22,1.5,2.63,2.25,2.63,1.52,2.53,1.53,2.78,0.25,2.0,1.85,2.0,2.0,1.89,1.85,2.04,1.94,3.1,3.6,2.2,3.1,3.75,2.15,3.13,3.8,2.1,3.0,3.6,2.2,3.1,3.6,2.15,3.1,3.7,2.15,3.5,3.8,2.25,3.11,3.66,2.15,3.25,3.8,2.28,1.57,2.38,1.62,2.5,1.55,2.39,1.65,2.5,0.25,1.95,1.9,2.0,1.91,1.92,1.83,2.0,1.99,0.944706,1.29116,understat
E0,20/09/2026,14:00,Leeds,Crystal Palace,0,0,D,0.0,0.0,D,A Herczeg,1.31,1.06,13,12,2,4,10.0,12.0,4.0,3.0,2.0,3.0,0.0,0.0,1.73,3.9,4.75,1.73,4.0,4.5,1.7,3.8,4.5,1.78,3.75,4.33,1.73,3.7,4.75,1.73,3.6,4.6,1.8,4.0,4.9,1.74,3.79,4.49,1.8,3.95,5.0,1.73,2.1,2.25,2.1,1.73,2.03,1.79,2.22,-0.75,1.93,1.93,1.93,1.93,1.89,1.86,2.01,1.95,1.65,4.0,5.0,1.67,4.0,5.0,1.65,4.0,5.0,1.65,4.1,4.8,1.65,3.8,5.0,1.62,4.0,5.0,1.73,4.1,5.0,1.66,3.95,4.93,1.73,4.1,5.5,1.73,2.1,1.73,2.2,1.69,2.1,1.78,2.24,-0.75,1.8,2.05,1.83,2.05,1.79,1.96,1.91,2.07,1.08552,1.12905,understat
E0,20/09/2026,14:00,Man City,Sunderland,5,3,H,3.0,2.0,H,R Jones,2.82,3.57,16,17,6,9,14.0,14.0,6.0,5.0,0.0,1.0,0.0,0.0,1.3,5.5,9.0,1.29,5.5,11.0,1.25,5.5,10.0,1.3,6.0,8.75,1.29,5.5,9.5,1.29,5.5,9.0,1.3,6.0,11.0,1.29,5.56,9.39,1.34,6.0,11.0,1.57,2.38,1.58,2.4,1.56,2.32,1.63,2.5,-1.5,1.85,2.0,1.85,2.0,1.8,1.92,1.94,2.02,1.36,5.0,7.5,1.33,5.5,8.5,1.33,5.25,9.0,1.35,5.25,8.0,1.33,5.0,9.0,1.3,5.5,9.0,1.36,5.5,9.2,1.34,5.19,8.5,1.36,5.7,10.0,1.62,2.3,1.65,2.38,1.61,2.26,1.69,2.42,-1.5,2.05,1.75,2.05,1.85,1.95,1.78,2.12,1.87,2.66856,3.10661,understat
E0,20/09/2026,16:30,Fulham,Man United,1,1,D,0.0,0.0,D,P Bankes,1.62,1.6,12,29,6,6,9.0,5.0,3.0,13.0,3.0,0.0,0.0,0.0,3.5,3.8,2.0,3.3,3.75,2.05,3.3,3.75,2.0,3.4,3.7,2.0,3.4,3.7,2.0,3.3,3.6,2.0,3.5,3.8,2.05,3.36,3.71,2.0,3.6,3.95,2.12,1.57,2.38,1.58,2.4,1.55,2.35,1.61,2.56,0.5,1.85,2.0,1.85,2.0,1.77,1.96,1.88,2.12,3.6,3.8,2.0,3.5,3.75,2.0,3.5,3.9,1.95,3.4,3.7,2.0,3.5,3.6,2.0,3.4,3.75,2.0,3.75,3.9,2.05,3.49,3.74,1.98,3.7,3.85,2.1,1.62,2.3,1.62,2.4,1.57,2.33,1.66,2.5,0.5,1.85,2.0,1.87,2.0,1.82,1.91,1.89,2.1,1.71719,2.12453,understat
E0,10/10/2026,,Arsenal,Leeds,,,,,,,,,,,,,,,,,,,,,,,,,,,,,,,,,,,,,,,,,,,,,,,,,,,,,,,,,,,,,,,,,,,,,,,,,,,,,,,,,,,,,,,,,,,,,,,,,,,,,,,,,,,,,,,,
E0,10/10/2026,,Aston Villa,Brentford,,,,,,,,,,,,,,,,,,,,,,,,,,,,,,,,,,,,,,,,,,,,,,,,,,,,,,,,,,,,,,,,,,,,,,,,,,,,,,,,,,,,,,,,,,,,,,,,,,,,,,,,,,,,,,,,
E0,10/10/2026,,Chelsea,Bournemouth,,,,,,,,,,,,,,,,,,,,,,,,,,,,,,,,,,,,,,,,,,,,,,,,,,,,,,,,,,,,,,,,,,,,,,,,,,,,,,,,,,,,,,,,,,,,,,,,,,,,,,,,,,,,,,,,
E0,10/10/2026,,Ipswich,Fulham,,,,,,,,,,,,,,,,,,,,,,,,,,,,,,,,,,,,,,,,,,,,,,,,,,,,,,,,,,,,,,,,,,,,,,,,,,,,,,,,,,,,,,,,,,,,,,,,,,,,,,,,,,,,,,,,
E0,10/10/2026,,Sunderland,Brighton,,,,,,,,,,,,,,,,,,,,,,,,,,,,,,,,,,,,,,,,,,,,,,,,,,,,,,,,,,,,,,,,,,,,,,,,,,,,,,,,,,,,,,,,,,,,,,,,,,,,,,,,,,,,,,,,
E0,10/10/2026,,Man United,Tottenham,,,,,,,,,,,,,,,,,,,,,,,,,,,,,,,,,,,,,,,,,,,,,,,,,,,,,,,,,,,,,,,,,,,,,,,,,,,,,,,,,,,,,,,,,,,,,,,,,,,,,,,,,,,,,,,,
E0,11/10/2026,,Crystal Palace,Nott'm Forest,,,,,,,,,,,,,,,,,,,,,,,,,,,,,,,,,,,,,,,,,,,,,,,,,,,,,,,,,,,,,,,,,,,,,,,,,,,,,,,,,,,,,,,,,,,,,,,,,,,,,,,,,,,,,,,,
E0,11/10/2026,,Hull,Everton,,,,,,,,,,,,,,,,,,,,,,,,,,,,,,,,,,,,,,,,,,,,,,,,,,,,,,,,,,,,,,,,,,,,,,,,,,,,,,,,,,,,,,,,,,,,,,,,,,,,,,,,,,,,,,,,
E0,11/10/2026,,Liverpool,Man City,,,,,,,,,,,,,,,,,,,,,,,,,,,,,,,,,,,,,,,,,,,,,,,,,,,,,,,,,,,,,,,,,,,,,,,,,,,,,,,,,,,,,,,,,,,,,,,,,,,,,,,,,,,,,,,,
E0,12/10/2026,,Coventry,Newcastle,,,,,,,,,,,,,,,,,,,,,,,,,,,,,,,,,,,,,,,,,,,,,,,,,,,,,,,,,,,,,,,,,,,,,,,,,,,,,,,,,,,,,,,,,,,,,,,,,,,,,,,,,,,,,,,,
E0,17/10/2026,,Newcastle,Aston Villa,,,,,,,,,,,,,,,,,,,,,,,,,,,,,,,,,,,,,,,,,,,,,,,,,,,,,,,,,,,,,,,,,,,,,,,,,,,,,,,,,,,,,,,,,,,,,,,,,,,,,,,,,,,,,,,,
E0,17/10/2026,,Man City,Ipswich,,,,,,,,,,,,,,,,,,,,,,,,,,,,,,,,,,,,,,,,,,,,,,,,,,,,,,,,,,,,,,,,,,,,,,,,,,,,,,,,,,,,,,,,,,,,,,,,,,,,,,,,,,,,,,,,
E0,17/10/2026,,Everton,Chelsea,,,,,,,,,,,,,,,,,,,,,,,,,,,,,,,,,,,,,,,,,,,,,,,,,,,,,,,,,,,,,,,,,,,,,,,,,,,,,,,,,,,,,,,,,,,,,,,,,,,,,,,,,,,,,,,,
E0,17/10/2026,,Fulham,Hull,,,,,,,,,,,,,,,,,,,,,,,,,,,,,,,,,,,,,,,,,,,,,,,,,,,,,,,,,,,,,,,,,,,,,,,,,,,,,,,,,,,,,,,,,,,,,,,,,,,,,,,,,,,,,,,,
E0,17/10/2026,,Brentford,Liverpool,,,,,,,,,,,,,,,,,,,,,,,,,,,,,,,,,,,,,,,,,,,,,,,,,,,,,,,,,,,,,,,,,,,,,,,,,,,,,,,,,,,,,,,,,,,,,,,,,,,,,,,,,,,,,,,,
E0,18/10/2026,,Brighton,Crystal Palace,,,,,,,,,,,,,,,,,,,,,,,,,,,,,,,,,,,,,,,,,,,,,,,,,,,,,,,,,,,,,,,,,,,,,,,,,,,,,,,,,,,,,,,,,,,,,,,,,,,,,,,,,,,,,,,,
E0,18/10/2026,,Bournemouth,Sunderland,,,,,,,,,,,,,,,,,,,,,,,,,,,,,,,,,,,,,,,,,,,,,,,,,,,,,,,,,,,,,,,,,,,,,,,,,,,,,,,,,,,,,,,,,,,,,,,,,,,,,,,,,,,,,,,,
E0,18/10/2026,,Leeds,Man United,,,,,,,,,,,,,,,,,,,,,,,,,,,,,,,,,,,,,,,,,,,,,,,,,,,,,,,,,,,,,,,,,,,,,,,,,,,,,,,,,,,,,,,,,,,,,,,,,,,,,,,,,,,,,,,,
E0,18/10/2026,,Nott'm Forest,Arsenal,,,,,,,,,,,,,,,,,,,,,,,,,,,,,,,,,,,,,,,,,,,,,,,,,,,,,,,,,,,,,,,,,,,,,,,,,,,,,,,,,,,,,,,,,,,,,,,,,,,,,,,,,,,,,,,,
E0,19/10/2026,,Tottenham,Coventry,,,,,,,,,,,,,,,,,,,,,,,,,,,,,,,,,,,,,,,,,,,,,,,,,,,,,,,,,,,,,,,,,,,,,,,,,,,,,,,,,,,,,,,,,,,,,,,,,,,,,,,,,,,,,,,,
E0,23/10/2026,,Ipswich,Nott'm Forest,,,,,,,,,,,,,,,,,,,,,,,,,,,,,,,,,,,,,,,,,,,,,,,,,,,,,,,,,,,,,,,,,,,,,,,,,,,,,,,,,,,,,,,,,,,,,,,,,,,,,,,,,,,,,,,,
E0,24/10/2026,,Chelsea,Tottenham,,,,,,,,,,,,,,,,,,,,,,,,,,,,,,,,,,,,,,,,,,,,,,,,,,,,,,,,,,,,,,,,,,,,,,,,,,,,,,,,,,,,,,,,,,,,,,,,,,,,,,,,,,,,,,,,
E0,24/10/2026,,Arsenal,Everton,,,,,,,,,,,,,,,,,,,,,,,,,,,,,,,,,,,,,,,,,,,,,,,,,,,,,,,,,,,,,,,,,,,,,,,,,,,,,,,,,,,,,,,,,,,,,,,,,,,,,,,,,,,,,,,,
E0,24/10/2026,,Aston Villa,Man City,,,,,,,,,,,,,,,,,,,,,,,,,,,,,,,,,,,,,,,,,,,,,,,,,,,,,,,,,,,,,,,,,,,,,,,,,,,,,,,,,,,,,,,,,,,,,,,,,,,,,,,,,,,,,,,,
E0,24/10/2026,,Liverpool,Brighton,,,,,,,,,,,,,,,,,,,,,,,,,,,,,,,,,,,,,,,,,,,,,,,,,,,,,,,,,,,,,,,,,,,,,,,,,,,,,,,,,,,,,,,,,,,,,,,,,,,,,,,,,,,,,,,,
E0,24/10/2026,,Coventry,Fulham,,,,,,,,,,,,,,,,,,,,,,,,,,,,,,,,,,,,,,,,,,,,,,,,,,,,,,,,,,,,,,,,,,,,,,,,,,,,,,,,,,,,,,,,,,,,,,,,,,,,,,,,,,,,,,,,
E0,25/10/2026,,Man United,Bournemouth,,,,,,,,,,,,,,,,,,,,,,,,,,,,,,,,,,,,,,,,,,,,,,,,,,,,,,,,,,,,,,,,,,,,,,,,,,,,,,,,,,,,,,,,,,,,,,,,,,,,,,,,,,,,,,,,
E0,25/10/2026,,Crystal Palace,Newcastle,,,,,,,,,,,,,,,,,,,,,,,,,,,,,,,,,,,,,,,,,,,,,,,,,,,,,,,,,,,,,,,,,,,,,,,,,,,,,,,,,,,,,,,,,,,,,,,,,,,,,,,,,,,,,,,,
E0,25/10/2026,,Hull,Brentford,,,,,,,,,,,,,,,,,,,,,,,,,,,,,,,,,,,,,,,,,,,,,,,,,,,,,,,,,,,,,,,,,,,,,,,,,,,,,,,,,,,,,,,,,,,,,,,,,,,,,,,,,,,,,,,,
E0,25/10/2026,,Sunderland,Leeds,,,,,,,,,,,,,,,,,,,,,,,,,,,,,,,,,,,,,,,,,,,,,,,,,,,,,,,,,,,,,,,,,,,,,,,,,,,,,,,,,,,,,,,,,,,,,,,,,,,,,,,,,,,,,,,,
E0,31/10/2026,,Tottenham,Crystal Palace,,,,,,,,,,,,,,,,,,,,,,,,,,,,,,,,,,,,,,,,,,,,,,,,,,,,,,,,,,,,,,,,,,,,,,,,,,,,,,,,,,,,,,,,,,,,,,,,,,,,,,,,,,,,,,,,
E0,31/10/2026,,Brentford,Nott'm Forest,,,,,,,,,,,,,,,,,,,,,,,,,,,,,,,,,,,,,,,,,,,,,,,,,,,,,,,,,,,,,,,,,,,,,,,,,,,,,,,,,,,,,,,,,,,,,,,,,,,,,,,,,,,,,,,,
E0,31/10/2026,,Man City,Brighton,,,,,,,,,,,,,,,,,,,,,,,,,,,,,,,,,,,,,,,,,,,,,,,,,,,,,,,,,,,,,,,,,,,,,,,,,,,,,,,,,,,,,,,,,,,,,,,,,,,,,,,,,,,,,,,,
E0,31/10/2026,,Bournemouth,Leeds,,,,,,,,,,,,,,,,,,,,,,,,,,,,,,,,,,,,,,,,,,,,,,,,,,,,,,,,,,,,,,,,,,,,,,,,,,,,,,,,,,,,,,,,,,,,,,,,,,,,,,,,,,,,,,,,
E0,31/10/2026,,Coventry,Sunderland,,,,,,,,,,,,,,,,,,,,,,,,,,,,,,,,,,,,,,,,,,,,,,,,,,,,,,,,,,,,,,,,,,,,,,,,,,,,,,,,,,,,,,,,,,,,,,,,,,,,,,,,,,,,,,,,
E0,31/10/2026,,Chelsea,Man United,,,,,,,,,,,,,,,,,,,,,,,,,,,,,,,,,,,,,,,,,,,,,,,,,,,,,,,,,,,,,,,,,,,,,,,,,,,,,,,,,,,,,,,,,,,,,,,,,,,,,,,,,,,,,,,,
E0,31/10/2026,,Hull,Ipswich,,,,,,,,,,,,,,,,,,,,,,,,,,,,,,,,,,,,,,,,,,,,,,,,,,,,,,,,,,,,,,,,,,,,,,,,,,,,,,,,,,,,,,,,,,,,,,,,,,,,,,,,,,,,,,,,
E0,01/11/2026,,Aston Villa,Fulham,,,,,,,,,,,,,,,,,,,,,,,,,,,,,,,,,,,,,,,,,,,,,,,,,,,,,,,,,,,,,,,,,,,,,,,,,,,,,,,,,,,,,,,,,,,,,,,,,,,,,,,,,,,,,,,,
E0,01/11/2026,,Liverpool,Arsenal,,,,,,,,,,,,,,,,,,,,,,,,,,,,,,,,,,,,,,,,,,,,,,,,,,,,,,,,,,,,,,,,,,,,,,,,,,,,,,,,,,,,,,,,,,,,,,,,,,,,,,,,,,,,,,,,
E0,02/11/2026,,Newcastle,Everton,,,,,,,,,,,,,,,,,,,,,,,,,,,,,,,,,,,,,,,,,,,,,,,,,,,,,,,,,,,,,,,,,,,,,,,,,,,,,,,,,,,,,,,,,,,,,,,,,,,,,,,,,,,,,,,,
E0,07/11/2026,,Leeds,Tottenham,,,,,,,,,,,,,,,,,,,,,,,,,,,,,,,,,,,,,,,,,,,,,,,,,,,,,,,,,,,,,,,,,,,,,,,,,,,,,,,,,,,,,,,,,,,,,,,,,,,,,,,,,,,,,,,,
E0,07/11/2026,,Sunderland,Chelsea,,,,,,,,,,,,,,,,,,,,,,,,,,,,,,,,,,,,,,,,,,,,,,,,,,,,,,,,,,,,,,,,,,,,,,,,,,,,,,,,,,,,,,,,,,,,,,,,,,,,,,,,,,,,,,,,
E0,07/11/2026,,Nott'm Forest,Man City,,,,,,,,,,,,,,,,,,,,,,,,,,,,,,,,,,,,,,,,,,,,,,,,,,,,,,,,,,,,,,,,,,,,,,,,,,,,,,,,,,,,,,,,,,,,,,,,,,,,,,,,,,,,,,,,
E0,07/11/2026,,Man United,Aston Villa,,,,,,,,,,,,,,,,,,,,,,,,,,,,,,,,,,,,,,,,,,,,,,,,,,,,,,,,,,,,,,,,,,,,,,,,,,,,,,,,,,,,,,,,,,,,,,,,,,,,,,,,,,,,,,,,
E0,07/11/2026,,Ipswich,Bournemouth,,,,,,,,,,,,,,,,,,,,,,,,,,,,,,,,,,,,,,,,,,,,,,,,,,,,,,,,,,,,,,,,,,,,,,,,,,,,,,,,,,,,,,,,,,,,,,,,,,,,,,,,,,,,,,,,
E0,07/11/2026,,Brighton,Brentford,,,,,,,,,,,,,,,,,,,,,,,,,,,,,,,,,,,,,,,,,,,,,,,,,,,,,,,,,,,,,,,,,,,,,,,,,,,,,,,,,,,,,,,,,,,,,,,,,,,,,,,,,,,,,,,,
E0,07/11/2026,,Everton,Coventry,,,,,,,,,,,,,,,,,,,,,,,,,,,,,,,,,,,,,,,,,,,,,,,,,,,,,,,,,,,,,,,,,,,,,,,,,,,,,,,,,,,,,,,,,,,,,,,,,,,,,,,,,,,,,,,,
E0,07/11/2026,,Crystal Palace,Liverpool,,,,,,,,,,,,,,,,,,,,,,,,,,,,,,,,,,,,,,,,,,,,,,,,,,,,,,,,,,,,,,,,,,,,,,,,,,,,,,,,,,,,,,,,,,,,,,,,,,,,,,,,,,,,,,,,
E0,07/11/2026,,Fulham,Newcastle,,,,,,,,,,,,,,,,,,,,,,,,,,,,,,,,,,,,,,,,,,,,,,,,,,,,,,,,,,,,,,,,,,,,,,,,,,,,,,,,,,,,,,,,,,,,,,,,,,,,,,,,,,,,,,,,
E0,07/11/2026,,Arsenal,Hull,,,,,,,,,,,,,,,,,,,,,,,,,,,,,,,,,,,,,,,,,,,,,,,,,,,,,,,,,,,,,,,,,,,,,,,,,,,,,,,,,,,,,,,,,,,,,,,,,,,,,,,,,,,,,,,,
E0,21/11/2026,,Tottenham,Ipswich,,,,,,,,,,,,,,,,,,,,,,,,,,,,,,,,,,,,,,,,,,,,,,,,,,,,,,,,,,,,,,,,,,,,,,,,,,,,,,,,,,,,,,,,,,,,,,,,,,,,,,,,,,,,,,,,
E0,21/11/2026,,Newcastle,Arsenal,,,,,,,,,,,,,,,,,,,,,,,,,,,,,,,,,,,,,,,,,,,,,,,,,,,,,,,,,,,,,,,,,,,,,,,,,,,,,,,,,,,,,,,,,,,,,,,,,,,,,,,,,,,,,,,,
E0,21/11/2026,,Man City,Fulham,,,,,,,,,,,,,,,,,,,,,,,,,,,,,,,,,,,,,,,,,,,,,,,,,,,,,,,,,,,,,,,,,,,,,,,,,,,,,,,,,,,,,,,,,,,,,,,,,,,,,,,,,,,,,,,,
E0,21/11/2026,,Liverpool,Man United,,,,,,,,,,,,,,,,,,,,,,,,,,,,,,,,,,,,,,,,,,,,,,,,,,,,,,,,,,,,,,,,,,,,,,,,,,,,,,,,,,,,,,,,,,,,,,,,,,,,,,,,,,,,,,,,
E0,21/11/2026,,Hull,Brighton,,,,,,,,,,,,,,,,,,,,,,,,,,,,,,,,,,,,,,,,,,,,,,,,,,,,,,,,,,,,,,,,,,,,,,,,,,,,,,,,,,,,,,,,,,,,,,,,,,,,,,,,,,,,,,,,
E0,21/11/2026,,Chelsea,Leeds,,,,,,,,,,,,,,,,,,,,,,,,,,,,,,,,,,,,,,,,,,,,,,,,,,,,,,,,,,,,,,,,,,,,,,,,,,,,,,,,,,,,,,,,,,,,,,,,,,,,,,,,,,,,,,,,
E0,21/11/2026,,Brentford,Everton,,,,,,,,,,,,,,,,,,,,,,,,,,,,,,,,,,,,,,,,,,,,,,,,,,,,,,,,,,,,,,,,,,,,,,,,,,,,,,,,,,,,,,,,,,,,,,,,,,,,,,,,,,,,,,,,
E0,21/11/2026,,Aston Villa,Sunderland,,,,,,,,,,,,,,,,,,,,,,,,,,,,,,,,,,,,,,,,,,,,,,,,,,,,,,,,,,,,,,,,,,,,,,,,,,,,,,,,,,,,,,,,,,,,,,,,,,,,,,,,,,,,,,,,
E0,21/11/2026,,Bournemouth,Nott'm Forest,,,,,,,,,,,,,,,,,,,,,,,,,,,,,,,,,,,,,,,,,,,,,,,,,,,,,,,,,,,,,,,,,,,,,,,,,,,,,,,,,,,,,,,,,,,,,,,,,,,,,,,,,,,,,,,,
E0,21/11/2026,,Coventry,Crystal Palace,,,,,,,,,,,,,,,,,,,,,,,,,,,,,,,,,,,,,,,,,,,,,,,,,,,,,,,,,,,,,,,,,,,,,,,,,,,,,,,,,,,,,,,,,,,,,,,,,,,,,,,,,,,,,,,,
E0,28/11/2026,,Leeds,Coventry,,,,,,,,,,,,,,,,,,,,,,,,,,,,,,,,,,,,,,,,,,,,,,,,,,,,,,,,,,,,,,,,,,,,,,,,,,,,,,,,,,,,,,,,,,,,,,,,,,,,,,,,,,,,,,,,
E0,28/11/2026,,Sunderland,Tottenham,,,,,,,,,,,,,,,,,,,,,,,,,,,,,,,,,,,,,,,,,,,,,,,,,,,,,,,,,,,,,,,,,,,,,,,,,,,,,,,,,,,,,,,,,,,,,,,,,,,,,,,,,,,,,,,,
E0,28/11/2026,,Nott'm Forest,Chelsea,,,,,,,,,,,,,,,,,,,,,,,,,,,,,,,,,,,,,,,,,,,,,,,,,,,,,,,,,,,,,,,,,,,,,,,,,,,,,,,,,,,,,,,,,,,,,,,,,,,,,,,,,,,,,,,,
E0,28/11/2026,,Man United,Brentford,,,,,,,,,,,,,,,,,,,,,,,,,,,,,,,,,,,,,,,,,,,,,,,,,,,,,,,,,,,,,,,,,,,,,,,,,,,,,,,,,,,,,,,,,,,,,,,,,,,,,,,,,,,,,,,,
E0,28/11/2026,,Ipswich,Aston Villa,,,,,,,,,,,,,,,,,,,,,,,,,,,,,,,,,,,,,,,,,,,,,,,,,,,,,,,,,,,,,,,,,,,,,,,,,,,,,,,,,,,,,,,,,,,,,,,,,,,,,,,,,,,,,,,,
E0,28/11/2026,,Fulham,Bournemouth,,,,,,,,,,,,,,,,,,,,,,,,,,,,,,,,,,,,,,,,,,,,,,,,,,,,,,,,,,,,,,,,,,,,,,,,,,,,,,,,,,,,,,,,,,,,,,,,,,,,,,,,,,,,,,,,
E0,28/11/2026,,Everton,Liverpool,,,,,,,,,,,,,,,,,,,,,,,,,,,,,,,,,,,,,,,,,,,,,,,,,,,,,,,,,,,,,,,,,,,,,,,,,,,,,,,,,,,,,,,,,,,,,,,,,,,,,,,,,,,,,,,,
E0,28/11/2026,,Crystal Palace,Hull,,,,,,,,,,,,,,,,,,,,,,,,,,,,,,,,,,,,,,,,,,,,,,,,,,,,,,,,,,,,,,,,,,,,,,,,,,,,,,,,,,,,,,,,,,,,,,,,,,,,,,,,,,,,,,,,
E0,28/11/2026,,Brighton,Newcastle,,,,,,,,,,,,,,,,,,,,,,,,,,,,,,,,,,,,,,,,,,,,,,,,,,,,,,,,,,,,,,,,,,,,,,,,,,,,,,,,,,,,,,,,,,,,,,,,,,,,,,,,,,,,,,,,
E0,28/11/2026,,Arsenal,Man City,,,,,,,,,,,,,,,,,,,,,,,,,,,,,,,,,,,,,,,,,,,,,,,,,,,,,,,,,,,,,,,,,,,,,,,,,,,,,,,,,,,,,,,,,,,,,,,,,,,,,,,,,,,,,,,,
E0,02/12/2026,,Tottenham,Fulham,,,,,,,,,,,,,,,,,,,,,,,,,,,,,,,,,,,,,,,,,,,,,,,,,,,,,,,,,,,,,,,,,,,,,,,,,,,,,,,,,,,,,,,,,,,,,,,,,,,,,,,,,,,,,,,,
E0,02/12/2026,,Newcastle,Man United,,,,,,,,,,,,,,,,,,,,,,,,,,,,,,,,,,,,,,,,,,,,,,,,,,,,,,,,,,,,,,,,,,,,,,,,,,,,,,,,,,,,,,,,,,,,,,,,,,,,,,,,,,,,,,,,
E0,02/12/2026,,Man City,Leeds,,,,,,,,,,,,,,,,,,,,,,,,,,,,,,,,,,,,,,,,,,,,,,,,,,,,,,,,,,,,,,,,,,,,,,,,,,,,,,,,,,,,,,,,,,,,,,,,,,,,,,,,,,,,,,,,
E0,02/12/2026,,Liverpool,Sunderland,,,,,,,,,,,,,,,,,,,,,,,,,,,,,,,,,,,,,,,,,,,,,,,,,,,,,,,,,,,,,,,,,,,,,,,,,,,,,,,,,,,,,,,,,,,,,,,,,,,,,,,,,,,,,,,,
E0,02/12/2026,,Hull,Nott'm Forest,,,,,,,,,,,,,,,,,,,,,,,,,,,,,,,,,,,,,,,,,,,,,,,,,,,,,,,,,,,,,,,,,,,,,,,,,,,,,,,,,,,,,,,,,,,,,,,,,,,,,,,,,,,,,,,,
E0,02/12/2026,,Coventry,Ipswich,,,,,,,,,,,,,,,,,,,,,,,,,,,,,,,,,,,,,,,,,,,,,,,,,,,,,,,,,,,,,,,,,,,,,,,,,,,,,,,,,,,,,,,,,,,,,,,,,,,,,,,,,,,,,,,,
E0,02/12/2026,,Chelsea,Crystal Palace,,,,,,,,,,,,,,,,,,,,,,,,,,,,,,,,,,,,,,,,,,,,,,,,,,,,,,,,,,,,,,,,,,,,,,,,,,,,,,,,,,,,,,,,,,,,,,,,,,,,,,,,,,,,,,,,
E0,02/12/2026,,Brentford,Arsenal,,,,,,,,,,,,,,,,,,,,,,,,,,,,,,,,,,,,,,,,,,,,,,,,,,,,,,,,,,,,,,,,,,,,,,,,,,,,,,,,,,,,,,,,,,,,,,,,,,,,,,,,,,,,,,,,
E0,02/12/2026,,Aston Villa,Everton,,,,,,,,,,,,,,,,,,,,,,,,,,,,,,,,,,,,,,,,,,,,,,,,,,,,,,,,,,,,,,,,,,,,,,,,,,,,,,,,,,,,,,,,,,,,,,,,,,,,,,,,,,,,,,,,
E0,02/12/2026,,Bournemouth,Brighton,,,,,,,,,,,,,,,,,,,,,,,,,,,,,,,,,,,,,,,,,,,,,,,,,,,,,,,,,,,,,,,,,,,,,,,,,,,,,,,,,,,,,,,,,,,,,,,,,,,,,,,,,,,,,,,,
E0,05/12/2026,,Leeds,Ipswich,,,,,,,,,,,,,,,,,,,,,,,,,,,,,,,,,,,,,,,,,,,,,,,,,,,,,,,,,,,,,,,,,,,,,,,,,,,,,,,,,,,,,,,,,,,,,,,,,,,,,,,,,,,,,,,,
E0,05/12/2026,,Man United,Coventry,,,,,,,,,,,,,,,,,,,,,,,,,,,,,,,,,,,,,,,,,,,,,,,,,,,,,,,,,,,,,,,,,,,,,,,,,,,,,,,,,,,,,,,,,,,,,,,,,,,,,,,,,,,,,,,,
E0,05/12/2026,,Everton,Fulham,,,,,,,,,,,,,,,,,,,,,,,,,,,,,,,,,,,,,,,,,,,,,,,,,,,,,,,,,,,,,,,,,,,,,,,,,,,,,,,,,,,,,,,,,,,,,,,,,,,,,,,,,,,,,,,,
E0,05/12/2026,,Chelsea,Liverpool,,,,,,,,,,,,,,,,,,,,,,,,,,,,,,,,,,,,,,,,,,,,,,,,,,,,,,,,,,,,,,,,,,,,,,,,,,,,,,,,,,,,,,,,,,,,,,,,,,,,,,,,,,,,,,,,
E0,05/12/2026,,Newcastle,Sunderland,,,,,,,,,,,,,,,,,,,,,,,,,,,,,,,,,,,,,,,,,,,,,,,,,,,,,,,,,,,,,,,,,,,,,,,,,,,,,,,,,,,,,,,,,,,,,,,,,,,,,,,,,,,,,,,,
E0,05/12/2026,,Tottenham,Arsenal,,,,,,,,,,,,,,,,,,,,,,,,,,,,,,,,,,,,,,,,,,,,,,,,,,,,,,,,,,,,,,,,,,,,,,,,,,,,,,,,,,,,,,,,,,,,,,,,,,,,,,,,,,,,,,,,
E0,05/12/2026,,Nott'm Forest,Brighton,,,,,,,,,,,,,,,,,,,,,,,,,,,,,,,,,,,,,,,,,,,,,,,,,,,,,,,,,,,,,,,,,,,,,,,,,,,,,,,,,,,,,,,,,,,,,,,,,,,,,,,,,,,,,,,,
E0,05/12/2026,,Aston Villa,Crystal Palace,,,,,,,,,,,,,,,,,,,,,,,,,,,,,,,,,,,,,,,,,,,,,,,,,,,,,,,,,,,,,,,,,,,,,,,,,,,,,,,,,,,,,,,,,,,,,,,,,,,,,,,,,,,,,,,,
E0,05/12/2026,,Bournemouth,Hull,,,,,,,,,,,,,,,,,,,,,,,,,,,,,,,,,,,,,,,,,,,,,,,,,,,,,,,,,,,,,,,,,,,,,,,,,,,,,,,,,,,,,,,,,,,,,,,,,,,,,,,,,,,,,,,,
E0,05/12/2026,,Brentford,Man City,,,,,,,,,,,,,,,,,,,,,,,,,,,,,,,,,,,,,,,,,,,,,,,,,,,,,,,,,,,,,,,,,,,,,,,,,,,,,,,,,,,,,,,,,,,,,,,,,,,,,,,,,,,,,,,,
E0,12/12/2026,,Man City,Chelsea,,,,,,,,,,,,,,,,,,,,,,,,,,,,,,,,,,,,,,,,,,,,,,,,,,,,,,,,,,,,,,,,,,,,,,,,,,,,,,,,,,,,,,,,,,,,,,,,,,,,,,,,,,,,,,,,
E0,12/12/2026,,Liverpool,Leeds,,,,,,,,,,,,,,,,,,,,,,,,,,,,,,,,,,,,,,,,,,,,,,,,,,,,,,,,,,,,,,,,,,,,,,,,,,,,,,,,,,,,,,,,,,,,,,,,,,,,,,,,,,,,,,,,
E0,12/12/2026,,Ipswich,Newcastle,,,,,,,,,,,,,,,,,,,,,,,,,,,,,,,,,,,,,,,,,,,,,,,,,,,,,,,,,,,,,,,,,,,,,,,,,,,,,,,,,,,,,,,,,,,,,,,,,,,,,,,,,,,,,,,,
E0,12/12/2026,,Hull,Tottenham,,,,,,,,,,,,,,,,,,,,,,,,,,,,,,,,,,,,,,,,,,,,,,,,,,,,,,,,,,,,,,,,,,,,,,,,,,,,,,,,,,,,,,,,,,,,,,,,,,,,,,,,,,,,,,,,
E0,12/12/2026,,Fulham,Brentford,,,,,,,,,,,,,,,,,,,,,,,,,,,,,,,,,,,,,,,,,,,,,,,,,,,,,,,,,,,,,,,,,,,,,,,,,,,,,,,,,,,,,,,,,,,,,,,,,,,,,,,,,,,,,,,,
E0,12/12/2026,,Sunderland,Nott'm Forest,,,,,,,,,,,,,,,,,,,,,,,,,,,,,,,,,,,,,,,,,,,,,,,,,,,,,,,,,,,,,,,,,,,,,,,,,,,,,,,,,,,,,,,,,,,,,,,,,,,,,,,,,,,,,,,,
E0,12/12/2026,,Crystal Palace,Man United,,,,,,,,,,,,,,,,,,,,,,,,,,,,,,,,,,,,,,,,,,,,,,,,,,,,,,,,,,,,,,,,,,,,,,,,,,,,,,,,,,,,,,,,,,,,,,,,,,,,,,,,,,,,,,,,
E0,12/12/2026,,Coventry,Aston Villa,,,,,,,,,,,,,,,,,,,,,,,,,,,,,,,,,,,,,,,,,,,,,,,,,,,,,,,,,,,,,,,,,,,,,,,,,,,,,,,,,,,,,,,,,,,,,,,,,,,,,,,,,,,,,,,,
E0,12/12/2026,,Brighton,Everton,,,,,,,,,,,,,,,,,,,,,,,,,,,,,,,,,,,,,,,,,,,,,,,,,,,,,,,,,,,,,,,,,,,,,,,,,,,,,,,,,,,,,,,,,,,,,,,,,,,,,,,,,,,,,,,,
E0,12/12/2026,,Arsenal,Bournemouth,,,,,,,,,,,,,,,,,,,,,,,,,,,,,,,,,,,,,,,,,,,,,,,,,,,,,,,,,,,,,,,,,,,,,,,,,,,,,,,,,,,,,,,,,,,,,,,,,,,,,,,,,,,,,,,,
E0,19/12/2026,,Nott'm Forest,Everton,,,,,,,,,,,,,,,,,,,,,,,,,,,,,,,,,,,,,,,,,,,,,,,,,,,,,,,,,,,,,,,,,,,,,,,,,,,,,,,,,,,,,,,,,,,,,,,,,,,,,,,,,,,,,,,,
E0,19/12/2026,,Man City,Hull,,,,,,,,,,,,,,,,,,,,,,,,,,,,,,,,,,,,,,,,,,,,,,,,,,,,,,,,,,,,,,,,,,,,,,,,,,,,,,,,,,,,,,,,,,,,,,,,,,,,,,,,,,,,,,,,
E0,19/12/2026,,Liverpool,Tottenham,,,,,,,,,,,,,,,,,,,,,,,,,,,,,,,,,,,,,,,,,,,,,,,,,,,,,,,,,,,,,,,,,,,,,,,,,,,,,,,,,,,,,,,,,,,,,,,,,,,,,,,,,,,,,,,,
E0,19/12/2026,,Leeds,Fulham,,,,,,,,,,,,,,,,,,,,,,,,,,,,,,,,,,,,,,,,,,,,,,,,,,,,,,,,,,,,,,,,,,,,,,,,,,,,,,,,,,,,,,,,,,,,,,,,,,,,,,,,,,,,,,,,
E0,19/12/2026,,Sunderland,Crystal Palace,,,,,,,,,,,,,,,,,,,,,,,,,,,,,,,,,,,,,,,,,,,,,,,,,,,,,,,,,,,,,,,,,,,,,,,,,,,,,,,,,,,,,,,,,,,,,,,,,,,,,,,,,,,,,,,,
E0,19/12/2026,,Brighton,Ipswich,,,,,,,,,,,,,,,,,,,,,,,,,,,,,,,,,,,,,,,,,,,,,,,,,,,,,,,,,,,,,,,,,,,,,,,,,,,,,,,,,,,,,,,,,,,,,,,,,,,,,,,,,,,,,,,,
E0,19/12/2026,,Brentford,Newcastle,,,,,,,,,,,,,,,,,,,,,,,,,,,,,,,,,,,,,,,,,,,,,,,,,,,,,,,,,,,,,,,,,,,,,,,,,,,,,,,,,,,,,,,,,,,,,,,,,,,,,,,,,,,,,,,,
E0,19/12/2026,,Arsenal,Man United,,,,,,,,,,,,,,,,,,,,,,,,,,,,,,,,,,,,,,,,,,,,,,,,,,,,,,,,,,,,,,,,,,,,,,,,,,,,,,,,,,,,,,,,,,,,,,,,,,,,,,,,,,,,,,,,
E0,19/12/2026,,Bournemouth,Coventry,,,,,,,,,,,,,,,,,,,,,,,,,,,,,,,,,,,,,,,,,,,,,,,,,,,,,,,,,,,,,,,,,,,,,,,,,,,,,,,,,,,,,,,,,,,,,,,,,,,,,,,,,,,,,,,,
E0,19/12/2026,,Chelsea,Aston Villa,,,,,,,,,,,,,,,,,,,,,,,,,,,,,,,,,,,,,,,,,,,,,,,,,,,,,,,,,,,,,,,,,,,,,,,,,,,,,,,,,,,,,,,,,,,,,,,,,,,,,,,,,,,,,,,,
E0,26/12/2026,,Tottenham,Bournemouth,,,,,,,,,,,,,,,,,,,,,,,,,,,,,,,,,,,,,,,,,,,,,,,,,,,,,,,,,,,,,,,,,,,,,,,,,,,,,,,,,,,,,,,,,,,,,,,,,,,,,,,,,,,,,,,,
E0,26/12/2026,,Newcastle,Man City,,,,,,,,,,,,,,,,,,,,,,,,,,,,,,,,,,,,,,,,,,,,,,,,,,,,,,,,,,,,,,,,,,,,,,,,,,,,,,,,,,,,,,,,,,,,,,,,,,,,,,,,,,,,,,,,
E0,26/12/2026,,Man United,Nott'm Forest,,,,,,,,,,,,,,,,,,,,,,,,,,,,,,,,,,,,,,,,,,,,,,,,,,,,,,,,,,,,,,,,,,,,,,,,,,,,,,,,,,,,,,,,,,,,,,,,,,,,,,,,,,,,,,,,
E0,26/12/2026,,Ipswich,Brentford,,,,,,,,,,,,,,,,,,,,,,,,,,,,,,,,,,,,,,,,,,,,,,,,,,,,,,,,,,,,,,,,,,,,,,,,,,,,,,,,,,,,,,,,,,,,,,,,,,,,,,,,,,,,,,,,
E0,26/12/2026,,Hull,Liverpool,,,,,,,,,,,,,,,,,,,,,,,,,,,,,,,,,,,,,,,,,,,,,,,,,,,,,,,,,,,,,,,,,,,,,,,,,,,,,,,,,,,,,,,,,,,,,,,,,,,,,,,,,,,,,,,,
E0,26/12/2026,,Everton,Sunderland,,,,,,,,,,,,,,,,,,,,,,,,,,,,,,,,,,,,,,,,,,,,,,,,,,,,,,,,,,,,,,,,,,,,,,,,,,,,,,,,,,,,,,,,,,,,,,,,,,,,,,,,,,,,,,,,
E0,26/12/2026,,Crystal Palace,Arsenal,,,,,,,,,,,,,,,,,,,,,,,,,,,,,,,,,,,,,,,,,,,,,,,,,,,,,,,,,,,,,,,,,,,,,,,,,,,,,,,,,,,,,,,,,,,,,,,,,,,,,,,,,,,,,,,,
E0,26/12/2026,,Coventry,Chelsea,,,,,,,,,,,,,,,,,,,,,,,,,,,,,,,,,,,,,,,,,,,,,,,,,,,,,,,,,,,,,,,,,,,,,,,,,,,,,,,,,,,,,,,,,,,,,,,,,,,,,,,,,,,,,,,,
E0,26/12/2026,,Aston Villa,Leeds,,,,,,,,,,,,,,,,,,,,,,,,,,,,,,,,,,,,,,,,,,,,,,,,,,,,,,,,,,,,,,,,,,,,,,,,,,,,,,,,,,,,,,,,,,,,,,,,,,,,,,,,,,,,,,,,
E0,26/12/2026,,Fulham,Brighton,,,,,,,,,,,,,,,,,,,,,,,,,,,,,,,,,,,,,,,,,,,,,,,,,,,,,,,,,,,,,,,,,,,,,,,,,,,,,,,,,,,,,,,,,,,,,,,,,,,,,,,,,,,,,,,,
E0,30/12/2026,,Everton,Man City,,,,,,,,,,,,,,,,,,,,,,,,,,,,,,,,,,,,,,,,,,,,,,,,,,,,,,,,,,,,,,,,,,,,,,,,,,,,,,,,,,,,,,,,,,,,,,,,,,,,,,,,,,,,,,,,
E0,30/12/2026,,Hull,Leeds,,,,,,,,,,,,,,,,,,,,,,,,,,,,,,,,,,,,,,,,,,,,,,,,,,,,,,,,,,,,,,,,,,,,,,,,,,,,,,,,,,,,,,,,,,,,,,,,,,,,,,,,,,,,,,,,
E0,30/12/2026,,Ipswich,Chelsea,,,,,,,,,,,,,,,,,,,,,,,,,,,,,,,,,,,,,,,,,,,,,,,,,,,,,,,,,,,,,,,,,,,,,,,,,,,,,,,,,,,,,,,,,,,,,,,,,,,,,,,,,,,,,,,,
E0,30/12/2026,,Man United,Sunderland,,,,,,,,,,,,,,,,,,,,,,,,,,,,,,,,,,,,,,,,,,,,,,,,,,,,,,,,,,,,,,,,,,,,,,,,,,,,,,,,,,,,,,,,,,,,,,,,,,,,,,,,,,,,,,,,
E0,30/12/2026,,Newcastle,Nott'm Forest,,,,,,,,,,,,,,,,,,,,,,,,,,,,,,,,,,,,,,,,,,,,,,,,,,,,,,,,,,,,,,,,,,,,,,,,,,,,,,,,,,,,,,,,,,,,,,,,,,,,,,,,,,,,,,,,
E0,30/12/2026,,Tottenham,Brighton,,,,,,,,,,,,,,,,,,,,,,,,,,,,,,,,,,,,,,,,,,,,,,,,,,,,,,,,,,,,,,,,,,,,,,,,,,,,,,,,,,,,,,,,,,,,,,,,,,,,,,,,,,,,,,,,
E0,30/12/2026,,Crystal Palace,Bournemouth,,,,,,,,,,,,,,,,,,,,,,,,,,,,,,,,,,,,,,,,,,,,,,,,,,,,,,,,,,,,,,,,,,,,,,,,,,,,,,,,,,,,,,,,,,,,,,,,,,,,,,,,,,,,,,,,
E0,30/12/2026,,Coventry,Brentford,,,,,,,,,,,,,,,,,,,,,,,,,,,,,,,,,,,,,,,,,,,,,,,,,,,,,,,,,,,,,,,,,,,,,,,,,,,,,,,,,,,,,,,,,,,,,,,,,,,,,,,,,,,,,,,,
E0,30/12/2026,,Aston Villa,Liverpool,,,,,,,,,,,,,,,,,,,,,,,,,,,,,,,,,,,,,,,,,,,,,,,,,,,,,,,,,,,,,,,,,,,,,,,,,,,,,,,,,,,,,,,,,,,,,,,,,,,,,,,,,,,,,,,,
E0,30/12/2026,,Fulham,Arsenal,,,,,,,,,,,,,,,,,,,,,,,,,,,,,,,,,,,,,,,,,,,,,,,,,,,,,,,,,,,,,,,,,,,,,,,,,,,,,,,,,,,,,,,,,,,,,,,,,,,,,,,,,,,,,,,,
E0,02/01/2027,,Liverpool,Coventry,,,,,,,,,,,,,,,,,,,,,,,,,,,,,,,,,,,,,,,,,,,,,,,,,,,,,,,,,,,,,,,,,,,,,,,,,,,,,,,,,,,,,,,,,,,,,,,,,,,,,,,,,,,,,,,,
E0,02/01/2027,,Sunderland,Hull,,,,,,,,,,,,,,,,,,,,,,,,,,,,,,,,,,,,,,,,,,,,,,,,,,,,,,,,,,,,,,,,,,,,,,,,,,,,,,,,,,,,,,,,,,,,,,,,,,,,,,,,,,,,,,,,
E0,02/01/2027,,Man City,Tottenham,,,,,,,,,,,,,,,,,,,,,,,,,,,,,,,,,,,,,,,,,,,,,,,,,,,,,,,,,,,,,,,,,,,,,,,,,,,,,,,,,,,,,,,,,,,,,,,,,,,,,,,,,,,,,,,,
E0,02/01/2027,,Leeds,Everton,,,,,,,,,,,,,,,,,,,,,,,,,,,,,,,,,,,,,,,,,,,,,,,,,,,,,,,,,,,,,,,,,,,,,,,,,,,,,,,,,,,,,,,,,,,,,,,,,,,,,,,,,,,,,,,,
E0,02/01/2027,,Nott'm Forest,Fulham,,,,,,,,,,,,,,,,,,,,,,,,,,,,,,,,,,,,,,,,,,,,,,,,,,,,,,,,,,,,,,,,,,,,,,,,,,,,,,,,,,,,,,,,,,,,,,,,,,,,,,,,,,,,,,,,
E0,02/01/2027,,Brighton,Man United,,,,,,,,,,,,,,,,,,,,,,,,,,,,,,,,,,,,,,,,,,,,,,,,,,,,,,,,,,,,,,,,,,,,,,,,,,,,,,,,,,,,,,,,,,,,,,,,,,,,,,,,,,,,,,,,
E0,02/01/2027,,Brentford,Crystal Palace,,,,,,,,,,,,,,,,,,,,,,,,,,,,,,,,,,,,,,,,,,,,,,,,,,,,,,,,,,,,,,,,,,,,,,,,,,,,,,,,,,,,,,,,,,,,,,,,,,,,,,,,,,,,,,,,
E0,02/01/2027,,Arsenal,Ipswich,,,,,,,,,,,,,,,,,,,,,,,,,,,,,,,,,,,,,,,,,,,,,,,,,,,,,,,,,,,,,,,,,,,,,,,,,,,,,,,,,,,,,,,,,,,,,,,,,,,,,,,,,,,,,,,,
E0,02/01/2027,,Bournemouth,Aston Villa,,,,,,,,,,,,,,,,,,,,,,,,,,,,,,,,,,,,,,,,,,,,,,,,,,,,,,,,,,,,,,,,,,,,,,,,,,,,,,,,,,,,,,,,,,,,,,,,,,,,,,,,,,,,,,,,
E0,02/01/2027,,Chelsea,Newcastle,,,,,,,,,,,,,,,,,,,,,,,,,,,,,,,,,,,,,,,,,,,,,,,,,,,,,,,,,,,,,,,,,,,,,,,,,,,,,,,,,,,,,,,,,,,,,,,,,,,,,,,,,,,,,,,,
E0,06/01/2027,,Sunderland,Liverpool,,,,,,,,,,,,,,,,,,,,,,,,,,,,,,,,,,,,,,,,,,,,,,,,,,,,,,,,,,,,,,,,,,,,,,,,,,,,,,,,,,,,,,,,,,,,,,,,,,,,,,,,,,,,,,,,
E0,06/01/2027,,Nott'm Forest,Hull,,,,,,,,,,,,,,,,,,,,,,,,,,,,,,,,,,,,,,,,,,,,,,,,,,,,,,,,,,,,,,,,,,,,,,,,,,,,,,,,,,,,,,,,,,,,,,,,,,,,,,,,,,,,,,,,
E0,06/01/2027,,Man United,Newcastle,,,,,,,,,,,,,,,,,,,,,,,,,,,,,,,,,,,,,,,,,,,,,,,,,,,,,,,,,,,,,,,,,,,,,,,,,,,,,,,,,,,,,,,,,,,,,,,,,,,,,,,,,,,,,,,,
E0,06/01/2027,,Leeds,Man City,,,,,,,,,,,,,,,,,,,,,,,,,,,,,,,,,,,,,,,,,,,,,,,,,,,,,,,,,,,,,,,,,,,,,,,,,,,,,,,,,,,,,,,,,,,,,,,,,,,,,,,,,,,,,,,,
E0,06/01/2027,,Ipswich,Coventry,,,,,,,,,,,,,,,,,,,,,,,,,,,,,,,,,,,,,,,,,,,,,,,,,,,,,,,,,,,,,,,,,,,,,,,,,,,,,,,,,,,,,,,,,,,,,,,,,,,,,,,,,,,,,,,,
E0,06/01/2027,,Fulham,Tottenham,,,,,,,,,,,,,,,,,,,,,,,,,,,,,,,,,,,,,,,,,,,,,,,,,,,,,,,,,,,,,,,,,,,,,,,,,,,,,,,,,,,,,,,,,,,,,,,,,,,,,,,,,,,,,,,,
E0,06/01/2027,,Everton,Aston Villa,,,,,,,,,,,,,,,,,,,,,,,,,,,,,,,,,,,,,,,,,,,,,,,,,,,,,,,,,,,,,,,,,,,,,,,,,,,,,,,,,,,,,,,,,,,,,,,,,,,,,,,,,,,,,,,,
E0,06/01/2027,,Crystal Palace,Chelsea,,,,,,,,,,,,,,,,,,,,,,,,,,,,,,,,,,,,,,,,,,,,,,,,,,,,,,,,,,,,,,,,,,,,,,,,,,,,,,,,,,,,,,,,,,,,,,,,,,,,,,,,,,,,,,,,
E0,06/01/2027,,Brighton,Bournemouth,,,,,,,,,,,,,,,,,,,,,,,,,,,,,,,,,,,,,,,,,,,,,,,,,,,,,,,,,,,,,,,,,,,,,,,,,,,,,,,,,,,,,,,,,,,,,,,,,,,,,,,,,,,,,,,,
E0,06/01/2027,,Arsenal,Brentford,,,,,,,,,,,,,,,,,,,,,,,,,,,,,,,,,,,,,,,,,,,,,,,,,,,,,,,,,,,,,,,,,,,,,,,,,,,,,,,,,,,,,,,,,,,,,,,,,,,,,,,,,,,,,,,,
E0,16/01/2027,,Newcastle,Fulham,,,,,,,,,,,,,,,,,,,,,,,,,,,,,,,,,,,,,,,,,,,,,,,,,,,,,,,,,,,,,,,,,,,,,,,,,,,,,,,,,,,,,,,,,,,,,,,,,,,,,,,,,,,,,,,,
E0,16/01/2027,,Man City,Nott'm Forest,,,,,,,,,,,,,,,,,,,,,,,,,,,,,,,,,,,,,,,,,,,,,,,,,,,,,,,,,,,,,,,,,,,,,,,,,,,,,,,,,,,,,,,,,,,,,,,,,,,,,,,,,,,,,,,,
E0,16/01/2027,,Liverpool,Crystal Palace,,,,,,,,,,,,,,,,,,,,,,,,,,,,,,,,,,,,,,,,,,,,,,,,,,,,,,,,,,,,,,,,,,,,,,,,,,,,,,,,,,,,,,,,,,,,,,,,,,,,,,,,,,,,,,,,
E0,16/01/2027,,Hull,Arsenal,,,,,,,,,,,,,,,,,,,,,,,,,,,,,,,,,,,,,,,,,,,,,,,,,,,,,,,,,,,,,,,,,,,,,,,,,,,,,,,,,,,,,,,,,,,,,,,,,,,,,,,,,,,,,,,,
E0,16/01/2027,,Tottenham,Leeds,,,,,,,,,,,,,,,,,,,,,,,,,,,,,,,,,,,,,,,,,,,,,,,,,,,,,,,,,,,,,,,,,,,,,,,,,,,,,,,,,,,,,,,,,,,,,,,,,,,,,,,,,,,,,,,,
E0,16/01/2027,,Chelsea,Sunderland,,,,,,,,,,,,,,,,,,,,,,,,,,,,,,,,,,,,,,,,,,,,,,,,,,,,,,,,,,,,,,,,,,,,,,,,,,,,,,,,,,,,,,,,,,,,,,,,,,,,,,,,,,,,,,,,
E0,16/01/2027,,Brentford,Brighton,,,,,,,,,,,,,,,,,,,,,,,,,,,,,,,,,,,,,,,,,,,,,,,,,,,,,,,,,,,,,,,,,,,,,,,,,,,,,,,,,,,,,,,,,,,,,,,,,,,,,,,,,,,,,,,,
E0,16/01/2027,,Aston Villa,Man United,,,,,,,,,,,,,,,,,,,,,,,,,,,,,,,,,,,,,,,,,,,,,,,,,,,,,,,,,,,,,,,,,,,,,,,,,,,,,,,,,,,,,,,,,,,,,,,,,,,,,,,,,,,,,,,,
E0,16/01/2027,,Bournemouth,Ipswich,,,,,,,,,,,,,,,,,,,,,,,,,,,,,,,,,,,,,,,,,,,,,,,,,,,,,,,,,,,,,,,,,,,,,,,,,,,,,,,,,,,,,,,,,,,,,,,,,,,,,,,,,,,,,,,,
E0,16/01/2027,,Coventry,Everton,,,,,,,,,,,,,,,,,,,,,,,,,,,,,,,,,,,,,,,,,,,,,,,,,,,,,,,,,,,,,,,,,,,,,,,,,,,,,,,,,,,,,,,,,,,,,,,,,,,,,,,,,,,,,,,,
E0,23/01/2027,,Nott'm Forest,Bournemouth,,,,,,,,,,,,,,,,,,,,,,,,,,,,,,,,,,,,,,,,,,,,,,,,,,,,,,,,,,,,,,,,,,,,,,,,,,,,,,,,,,,,,,,,,,,,,,,,,,,,,,,,,,,,,,,,
E0,23/01/2027,,Man United,Liverpool,,,,,,,,,,,,,,,,,,,,,,,,,,,,,,,,,,,,,,,,,,,,,,,,,,,,,,,,,,,,,,,,,,,,,,,,,,,,,,,,,,,,,,,,,,,,,,,,,,,,,,,,,,,,,,,,
E0,23/01/2027,,Leeds,Chelsea,,,,,,,,,,,,,,,,,,,,,,,,,,,,,,,,,,,,,,,,,,,,,,,,,,,,,,,,,,,,,,,,,,,,,,,,,,,,,,,,,,,,,,,,,,,,,,,,,,,,,,,,,,,,,,,,
E0,23/01/2027,,Ipswich,Hull,,,,,,,,,,,,,,,,,,,,,,,,,,,,,,,,,,,,,,,,,,,,,,,,,,,,,,,,,,,,,,,,,,,,,,,,,,,,,,,,,,,,,,,,,,,,,,,,,,,,,,,,,,,,,,,,
E0,23/01/2027,,Sunderland,Coventry,,,,,,,,,,,,,,,,,,,,,,,,,,,,,,,,,,,,,,,,,,,,,,,,,,,,,,,,,,,,,,,,,,,,,,,,,,,,,,,,,,,,,,,,,,,,,,,,,,,,,,,,,,,,,,,,
E0,23/01/2027,,Everton,Brentford,,,,,,,,,,,,,,,,,,,,,,,,,,,,,,,,,,,,,,,,,,,,,,,,,,,,,,,,,,,,,,,,,,,,,,,,,,,,,,,,,,,,,,,,,,,,,,,,,,,,,,,,,,,,,,,,
E0,23/01/2027,,Crystal Palace,Tottenham,,,,,,,,,,,,,,,,,,,,,,,,,,,,,,,,,,,,,,,,,,,,,,,,,,,,,,,,,,,,,,,,,,,,,,,,,,,,,,,,,,,,,,,,,,,,,,,,,,,,,,,,,,,,,,,,
E0,23/01/2027,,Brighton,Man City,,,,,,,,,,,,,,,,,,,,,,,,,,,,,,,,,,,,,,,,,,,,,,,,,,,,,,,,,,,,,,,,,,,,,,,,,,,,,,,,,,,,,,,,,,,,,,,,,,,,,,,,,,,,,,,,
E0,23/01/2027,,Arsenal,Newcastle,,,,,,,,,,,,,,,,,,,,,,,,,,,,,,,,,,,,,,,,,,,,,,,,,,,,,,,,,,,,,,,,,,,,,,,,,,,,,,,,,,,,,,,,,,,,,,,,,,,,,,,,,,,,,,,,
E0,23/01/2027,,Fulham,Aston Villa,,,,,,,,,,,,,,,,,,,,,,,,,,,,,,,,,,,,,,,,,,,,,,,,,,,,,,,,,,,,,,,,,,,,,,,,,,,,,,,,,,,,,,,,,,,,,,,,,,,,,,,,,,,,,,,,
E0,30/01/2027,,Tottenham,Sunderland,,,,,,,,,,,,,,,,,,,,,,,,,,,,,,,,,,,,,,,,,,,,,,,,,,,,,,,,,,,,,,,,,,,,,,,,,,,,,,,,,,,,,,,,,,,,,,,,,,,,,,,,,,,,,,,,
E0,30/01/2027,,Aston Villa,Ipswich,,,,,,,,,,,,,,,,,,,,,,,,,,,,,,,,,,,,,,,,,,,,,,,,,,,,,,,,,,,,,,,,,,,,,,,,,,,,,,,,,,,,,,,,,,,,,,,,,,,,,,,,,,,,,,,,
E0,30/01/2027,,Brentford,Man United,,,,,,,,,,,,,,,,,,,,,,,,,,,,,,,,,,,,,,,,,,,,,,,,,,,,,,,,,,,,,,,,,,,,,,,,,,,,,,,,,,,,,,,,,,,,,,,,,,,,,,,,,,,,,,,,
E0,30/01/2027,,Chelsea,Nott'm Forest,,,,,,,,,,,,,,,,,,,,,,,,,,,,,,,,,,,,,,,,,,,,,,,,,,,,,,,,,,,,,,,,,,,,,,,,,,,,,,,,,,,,,,,,,,,,,,,,,,,,,,,,,,,,,,,,
E0,30/01/2027,,Coventry,Leeds,,,,,,,,,,,,,,,,,,,,,,,,,,,,,,,,,,,,,,,,,,,,,,,,,,,,,,,,,,,,,,,,,,,,,,,,,,,,,,,,,,,,,,,,,,,,,,,,,,,,,,,,,,,,,,,,
E0,30/01/2027,,Hull,Crystal Palace,,,,,,,,,,,,,,,,,,,,,,,,,,,,,,,,,,,,,,,,,,,,,,,,,,,,,,,,,,,,,,,,,,,,,,,,,,,,,,,,,,,,,,,,,,,,,,,,,,,,,,,,,,,,,,,,
E0,30/01/2027,,Man City,Arsenal,,,,,,,,,,,,,,,,,,,,,,,,,,,,,,,,,,,,,,,,,,,,,,,,,,,,,,,,,,,,,,,,,,,,,,,,,,,,,,,,,,,,,,,,,,,,,,,,,,,,,,,,,,,,,,,,
E0,30/01/2027,,Newcastle,Brighton,,,,,,,,,,,,,,,,,,,,,,,,,,,,,,,,,,,,,,,,,,,,,,,,,,,,,,,,,,,,,,,,,,,,,,,,,,,,,,,,,,,,,,,,,,,,,,,,,,,,,,,,,,,,,,,,
E0,30/01/2027,,Bournemouth,Fulham,,,,,,,,,,,,,,,,,,,,,,,,,,,,,,,,,,,,,,,,,,,,,,,,,,,,,,,,,,,,,,,,,,,,,,,,,,,,,,,,,,,,,,,,,,,,,,,,,,,,,,,,,,,,,,,,
E0,30/01/2027,,Liverpool,Everton,,,,,,,,,,,,,,,,,,,,,,,,,,,,,,,,,,,,,,,,,,,,,,,,,,,,,,,,,,,,,,,,,,,,,,,,,,,,,,,,,,,,,,,,,,,,,,,,,,,,,,,,,,,,,,,,
E0,06/02/2027,,Brighton,Hull,,,,,,,,,,,,,,,,,,,,,,,,,,,,,,,,,,,,,,,,,,,,,,,,,,,,,,,,,,,,,,,,,,,,,,,,,,,,,,,,,,,,,,,,,,,,,,,,,,,,,,,,,,,,,,,,
E0,06/02/2027,,Fulham,Man City,,,,,,,,,,,,,,,,,,,,,,,,,,,,,,,,,,,,,,,,,,,,,,,,,,,,,,,,,,,,,,,,,,,,,,,,,,,,,,,,,,,,,,,,,,,,,,,,,,,,,,,,,,,,,,,,
E0,06/02/2027,,Everton,Newcastle,,,,,,,,,,,,,,,,,,,,,,,,,,,,,,,,,,,,,,,,,,,,,,,,,,,,,,,,,,,,,,,,,,,,,,,,,,,,,,,,,,,,,,,,,,,,,,,,,,,,,,,,,,,,,,,,
E0,06/02/2027,,Crystal Palace,Coventry,,,,,,,,,,,,,,,,,,,,,,,,,,,,,,,,,,,,,,,,,,,,,,,,,,,,,,,,,,,,,,,,,,,,,,,,,,,,,,,,,,,,,,,,,,,,,,,,,,,,,,,,,,,,,,,,
E0,06/02/2027,,Arsenal,Liverpool,,,,,,,,,,,,,,,,,,,,,,,,,,,,,,,,,,,,,,,,,,,,,,,,,,,,,,,,,,,,,,,,,,,,,,,,,,,,,,,,,,,,,,,,,,,,,,,,,,,,,,,,,,,,,,,,
E0,06/02/2027,,Sunderland,Aston Villa,,,,,,,,,,,,,,,,,,,,,,,,,,,,,,,,,,,,,,,,,,,,,,,,,,,,,,,,,,,,,,,,,,,,,,,,,,,,,,,,,,,,,,,,,,,,,,,,,,,,,,,,,,,,,,,,
E0,06/02/2027,,Nott'm Forest,Brentford,,,,,,,,,,,,,,,,,,,,,,,,,,,,,,,,,,,,,,,,,,,,,,,,,,,,,,,,,,,,,,,,,,,,,,,,,,,,,,,,,,,,,,,,,,,,,,,,,,,,,,,,,,,,,,,,
E0,06/02/2027,,Man United,Chelsea,,,,,,,,,,,,,,,,,,,,,,,,,,,,,,,,,,,,,,,,,,,,,,,,,,,,,,,,,,,,,,,,,,,,,,,,,,,,,,,,,,,,,,,,,,,,,,,,,,,,,,,,,,,,,,,,
E0,06/02/2027,,Leeds,Bournemouth,,,,,,,,,,,,,,,,,,,,,,,,,,,,,,,,,,,,,,,,,,,,,,,,,,,,,,,,,,,,,,,,,,,,,,,,,,,,,,,,,,,,,,,,,,,,,,,,,,,,,,,,,,,,,,,,
E0,06/02/2027,,Ipswich,Tottenham,,,,,,,,,,,,,,,,,,,,,,,,,,,,,,,,,,,,,,,,,,,,,,,,,,,,,,,,,,,,,,,,,,,,,,,,,,,,,,,,,,,,,,,,,,,,,,,,,,,,,,,,,,,,,,,,
E0,10/02/2027,,Tottenham,Man City,,,,,,,,,,,,,,,,,,,,,,,,,,,,,,,,,,,,,,,,,,,,,,,,,,,,,,,,,,,,,,,,,,,,,,,,,,,,,,,,,,,,,,,,,,,,,,,,,,,,,,,,,,,,,,,,
E0,10/02/2027,,Newcastle,Chelsea,,,,,,,,,,,,,,,,,,,,,,,,,,,,,,,,,,,,,,,,,,,,,,,,,,,,,,,,,,,,,,,,,,,,,,,,,,,,,,,,,,,,,,,,,,,,,,,,,,,,,,,,,,,,,,,,
E0,10/02/2027,,Man United,Brighton,,,,,,,,,,,,,,,,,,,,,,,,,,,,,,,,,,,,,,,,,,,,,,,,,,,,,,,,,,,,,,,,,,,,,,,,,,,,,,,,,,,,,,,,,,,,,,,,,,,,,,,,,,,,,,,,
E0,10/02/2027,,Ipswich,Arsenal,,,,,,,,,,,,,,,,,,,,,,,,,,,,,,,,,,,,,,,,,,,,,,,,,,,,,,,,,,,,,,,,,,,,,,,,,,,,,,,,,,,,,,,,,,,,,,,,,,,,,,,,,,,,,,,,
E0,10/02/2027,,Hull,Sunderland,,,,,,,,,,,,,,,,,,,,,,,,,,,,,,,,,,,,,,,,,,,,,,,,,,,,,,,,,,,,,,,,,,,,,,,,,,,,,,,,,,,,,,,,,,,,,,,,,,,,,,,,,,,,,,,,
E0,10/02/2027,,Everton,Leeds,,,,,,,,,,,,,,,,,,,,,,,,,,,,,,,,,,,,,,,,,,,,,,,,,,,,,,,,,,,,,,,,,,,,,,,,,,,,,,,,,,,,,,,,,,,,,,,,,,,,,,,,,,,,,,,,
E0,10/02/2027,,Crystal Palace,Brentford,,,,,,,,,,,,,,,,,,,,,,,,,,,,,,,,,,,,,,,,,,,,,,,,,,,,,,,,,,,,,,,,,,,,,,,,,,,,,,,,,,,,,,,,,,,,,,,,,,,,,,,,,,,,,,,,
E0,10/02/2027,,Coventry,Liverpool,,,,,,,,,,,,,,,,,,,,,,,,,,,,,,,,,,,,,,,,,,,,,,,,,,,,,,,,,,,,,,,,,,,,,,,,,,,,,,,,,,,,,,,,,,,,,,,,,,,,,,,,,,,,,,,,
E0,10/02/2027,,Aston Villa,Bournemouth,,,,,,,,,,,,,,,,,,,,,,,,,,,,,,,,,,,,,,,,,,,,,,,,,,,,,,,,,,,,,,,,,,,,,,,,,,,,,,,,,,,,,,,,,,,,,,,,,,,,,,,,,,,,,,,,
E0,10/02/2027,,Fulham,Nott'm Forest,,,,,,,,,,,,,,,,,,,,,,,,,,,,,,,,,,,,,,,,,,,,,,,,,,,,,,,,,,,,,,,,,,,,,,,,,,,,,,,,,,,,,,,,,,,,,,,,,,,,,,,,,,,,,,,,
E0,20/02/2027,,Liverpool,Hull,,,,,,,,,,,,,,,,,,,,,,,,,,,,,,,,,,,,,,,,,,,,,,,,,,,,,,,,,,,,,,,,,,,,,,,,,,,,,,,,,,,,,,,,,,,,,,,,,,,,,,,,,,,,,,,,
E0,20/02/2027,,Sunderland,Everton,,,,,,,,,,,,,,,,,,,,,,,,,,,,,,,,,,,,,,,,,,,,,,,,,,,,,,,,,,,,,,,,,,,,,,,,,,,,,,,,,,,,,,,,,,,,,,,,,,,,,,,,,,,,,,,,
E0,20/02/2027,,Nott'm Forest,Man United,,,,,,,,,,,,,,,,,,,,,,,,,,,,,,,,,,,,,,,,,,,,,,,,,,,,,,,,,,,,,,,,,,,,,,,,,,,,,,,,,,,,,,,,,,,,,,,,,,,,,,,,,,,,,,,,
E0,20/02/2027,,Man City,Newcastle,,,,,,,,,,,,,,,,,,,,,,,,,,,,,,,,,,,,,,,,,,,,,,,,,,,,,,,,,,,,,,,,,,,,,,,,,,,,,,,,,,,,,,,,,,,,,,,,,,,,,,,,,,,,,,,,
E0,20/02/2027,,Leeds,Aston Villa,,,,,,,,,,,,,,,,,,,,,,,,,,,,,,,,,,,,,,,,,,,,,,,,,,,,,,,,,,,,,,,,,,,,,,,,,,,,,,,,,,,,,,,,,,,,,,,,,,,,,,,,,,,,,,,,
E0,20/02/2027,,Bournemouth,Crystal Palace,,,,,,,,,,,,,,,,,,,,,,,,,,,,,,,,,,,,,,,,,,,,,,,,,,,,,,,,,,,,,,,,,,,,,,,,,,,,,,,,,,,,,,,,,,,,,,,,,,,,,,,,,,,,,,,,
E0,20/02/2027,,Brighton,Tottenham,,,,,,,,,,,,,,,,,,,,,,,,,,,,,,,,,,,,,,,,,,,,,,,,,,,,,,,,,,,,,,,,,,,,,,,,,,,,,,,,,,,,,,,,,,,,,,,,,,,,,,,,,,,,,,,,
E0,20/02/2027,,Brentford,Coventry,,,,,,,,,,,,,,,,,,,,,,,,,,,,,,,,,,,,,,,,,,,,,,,,,,,,,,,,,,,,,,,,,,,,,,,,,,,,,,,,,,,,,,,,,,,,,,,,,,,,,,,,,,,,,,,,
E0,20/02/2027,,Arsenal,Fulham,,,,,,,,,,,,,,,,,,,,,,,,,,,,,,,,,,,,,,,,,,,,,,,,,,,,,,,,,,,,,,,,,,,,,,,,,,,,,,,,,,,,,,,,,,,,,,,,,,,,,,,,,,,,,,,,
E0,20/02/2027,,Chelsea,Ipswich,,,,,,,,,,,,,,,,,,,,,,,,,,,,,,,,,,,,,,,,,,,,,,,,,,,,,,,,,,,,,,,,,,,,,,,,,,,,,,,,,,,,,,,,,,,,,,,,,,,,,,,,,,,,,,,,
E0,27/02/2027,,Ipswich,Brighton,,,,,,,,,,,,,,,,,,,,,,,,,,,,,,,,,,,,,,,,,,,,,,,,,,,,,,,,,,,,,,,,,,,,,,,,,,,,,,,,,,,,,,,,,,,,,,,,,,,,,,,,,,,,,,,,
E0,27/02/2027,,Tottenham,Liverpool,,,,,,,,,,,,,,,,,,,,,,,,,,,,,,,,,,,,,,,,,,,,,,,,,,,,,,,,,,,,,,,,,,,,,,,,,,,,,,,,,,,,,,,,,,,,,,,,,,,,,,,,,,,,,,,,
E0,27/02/2027,,Newcastle,Brentford,,,,,,,,,,,,,,,,,,,,,,,,,,,,,,,,,,,,,,,,,,,,,,,,,,,,,,,,,,,,,,,,,,,,,,,,,,,,,,,,,,,,,,,,,,,,,,,,,,,,,,,,,,,,,,,,
E0,27/02/2027,,Man United,Arsenal,,,,,,,,,,,,,,,,,,,,,,,,,,,,,,,,,,,,,,,,,,,,,,,,,,,,,,,,,,,,,,,,,,,,,,,,,,,,,,,,,,,,,,,,,,,,,,,,,,,,,,,,,,,,,,,,
E0,27/02/2027,,Hull,Man City,,,,,,,,,,,,,,,,,,,,,,,,,,,,,,,,,,,,,,,,,,,,,,,,,,,,,,,,,,,,,,,,,,,,,,,,,,,,,,,,,,,,,,,,,,,,,,,,,,,,,,,,,,,,,,,,
E0,27/02/2027,,Aston Villa,Chelsea,,,,,,,,,,,,,,,,,,,,,,,,,,,,,,,,,,,,,,,,,,,,,,,,,,,,,,,,,,,,,,,,,,,,,,,,,,,,,,,,,,,,,,,,,,,,,,,,,,,,,,,,,,,,,,,,
E0,27/02/2027,,Everton,Nott'm Forest,,,,,,,,,,,,,,,,,,,,,,,,,,,,,,,,,,,,,,,,,,,,,,,,,,,,,,,,,,,,,,,,,,,,,,,,,,,,,,,,,,,,,,,,,,,,,,,,,,,,,,,,,,,,,,,,
E0,27/02/2027,,Crystal Palace,Sunderland,,,,,,,,,,,,,,,,,,,,,,,,,,,,,,,,,,,,,,,,,,,,,,,,,,,,,,,,,,,,,,,,,,,,,,,,,,,,,,,,,,,,,,,,,,,,,,,,,,,,,,,,,,,,,,,,
E0,27/02/2027,,Coventry,Bournemouth,,,,,,,,,,,,,,,,,,,,,,,,,,,,,,,,,,,,,,,,,,,,,,,,,,,,,,,,,,,,,,,,,,,,,,,,,,,,,,,,,,,,,,,,,,,,,,,,,,,,,,,,,,,,,,,,
E0,27/02/2027,,Fulham,Leeds,,,,,,,,,,,,,,,,,,,,,,,,,,,,,,,,,,,,,,,,,,,,,,,,,,,,,,,,,,,,,,,,,,,,,,,,,,,,,,,,,,,,,,,,,,,,,,,,,,,,,,,,,,,,,,,,
E0,03/03/2027,,Sunderland,Man United,,,,,,,,,,,,,,,,,,,,,,,,,,,,,,,,,,,,,,,,,,,,,,,,,,,,,,,,,,,,,,,,,,,,,,,,,,,,,,,,,,,,,,,,,,,,,,,,,,,,,,,,,,,,,,,,
E0,03/03/2027,,Nott'm Forest,Newcastle,,,,,,,,,,,,,,,,,,,,,,,,,,,,,,,,,,,,,,,,,,,,,,,,,,,,,,,,,,,,,,,,,,,,,,,,,,,,,,,,,,,,,,,,,,,,,,,,,,,,,,,,,,,,,,,,
E0,03/03/2027,,Man City,Everton,,,,,,,,,,,,,,,,,,,,,,,,,,,,,,,,,,,,,,,,,,,,,,,,,,,,,,,,,,,,,,,,,,,,,,,,,,,,,,,,,,,,,,,,,,,,,,,,,,,,,,,,,,,,,,,,
E0,03/03/2027,,Liverpool,Aston Villa,,,,,,,,,,,,,,,,,,,,,,,,,,,,,,,,,,,,,,,,,,,,,,,,,,,,,,,,,,,,,,,,,,,,,,,,,,,,,,,,,,,,,,,,,,,,,,,,,,,,,,,,,,,,,,,,
E0,03/03/2027,,Leeds,Hull,,,,,,,,,,,,,,,,,,,,,,,,,,,,,,,,,,,,,,,,,,,,,,,,,,,,,,,,,,,,,,,,,,,,,,,,,,,,,,,,,,,,,,,,,,,,,,,,,,,,,,,,,,,,,,,,
E0,03/03/2027,,Brighton,Fulham,,,,,,,,,,,,,,,,,,,,,,,,,,,,,,,,,,,,,,,,,,,,,,,,,,,,,,,,,,,,,,,,,,,,,,,,,,,,,,,,,,,,,,,,,,,,,,,,,,,,,,,,,,,,,,,,
E0,03/03/2027,,Brentford,Ipswich,,,,,,,,,,,,,,,,,,,,,,,,,,,,,,,,,,,,,,,,,,,,,,,,,,,,,,,,,,,,,,,,,,,,,,,,,,,,,,,,,,,,,,,,,,,,,,,,,,,,,,,,,,,,,,,,
E0,03/03/2027,,Arsenal,Crystal Palace,,,,,,,,,,,,,,,,,,,,,,,,,,,,,,,,,,,,,,,,,,,,,,,,,,,,,,,,,,,,,,,,,,,,,,,,,,,,,,,,,,,,,,,,,,,,,,,,,,,,,,,,,,,,,,,,
E0,03/03/2027,,Bournemouth,Tottenham,,,,,,,,,,,,,,,,,,,,,,,,,,,,,,,,,,,,,,,,,,,,,,,,,,,,,,,,,,,,,,,,,,,,,,,,,,,,,,,,,,,,,,,,,,,,,,,,,,,,,,,,,,,,,,,,
E0,03/03/2027,,Chelsea,Coventry,,,,,,,,,,,,,,,,,,,,,,,,,,,,,,,,,,,,,,,,,,,,,,,,,,,,,,,,,,,,,,,,,,,,,,,,,,,,,,,,,,,,,,,,,,,,,,,,,,,,,,,,,,,,,,,,
E0,13/03/2027,,Liverpool,Ipswich,,,,,,,,,,,,,,,,,,,,,,,,,,,,,,,,,,,,,,,,,,,,,,,,,,,,,,,,,,,,,,,,,,,,,,,,,,,,,,,,,,,,,,,,,,,,,,,,,,,,,,,,,,,,,,,,
E0,13/03/2027,,Sunderland,Brentford,,,,,,,,,,,,,,,,,,,,,,,,,,,,,,,,,,,,,,,,,,,,,,,,,,,,,,,,,,,,,,,,,,,,,,,,,,,,,,,,,,,,,,,,,,,,,,,,,,,,,,,,,,,,,,,,
E0,13/03/2027,,Man United,Everton,,,,,,,,,,,,,,,,,,,,,,,,,,,,,,,,,,,,,,,,,,,,,,,,,,,,,,,,,,,,,,,,,,,,,,,,,,,,,,,,,,,,,,,,,,,,,,,,,,,,,,,,,,,,,,,,
E0,13/03/2027,,Tottenham,Nott'm Forest,,,,,,,,,,,,,,,,,,,,,,,,,,,,,,,,,,,,,,,,,,,,,,,,,,,,,,,,,,,,,,,,,,,,,,,,,,,,,,,,,,,,,,,,,,,,,,,,,,,,,,,,,,,,,,,,
E0,13/03/2027,,Leeds,Brighton,,,,,,,,,,,,,,,,,,,,,,,,,,,,,,,,,,,,,,,,,,,,,,,,,,,,,,,,,,,,,,,,,,,,,,,,,,,,,,,,,,,,,,,,,,,,,,,,,,,,,,,,,,,,,,,,
E0,13/03/2027,,Chelsea,Arsenal,,,,,,,,,,,,,,,,,,,,,,,,,,,,,,,,,,,,,,,,,,,,,,,,,,,,,,,,,,,,,,,,,,,,,,,,,,,,,,,,,,,,,,,,,,,,,,,,,,,,,,,,,,,,,,,,
E0,13/03/2027,,Coventry,Man City,,,,,,,,,,,,,,,,,,,,,,,,,,,,,,,,,,,,,,,,,,,,,,,,,,,,,,,,,,,,,,,,,,,,,,,,,,,,,,,,,,,,,,,,,,,,,,,,,,,,,,,,,,,,,,,,
E0,13/03/2027,,Aston Villa,Hull,,,,,,,,,,,,,,,,,,,,,,,,,,,,,,,,,,,,,,,,,,,,,,,,,,,,,,,,,,,,,,,,,,,,,,,,,,,,,,,,,,,,,,,,,,,,,,,,,,,,,,,,,,,,,,,,
E0,13/03/2027,,Bournemouth,Newcastle,,,,,,,,,,,,,,,,,,,,,,,,,,,,,,,,,,,,,,,,,,,,,,,,,,,,,,,,,,,,,,,,,,,,,,,,,,,,,,,,,,,,,,,,,,,,,,,,,,,,,,,,,,,,,,,,
E0,13/03/2027,,Crystal Palace,Fulham,,,,,,,,,,,,,,,,,,,,,,,,,,,,,,,,,,,,,,,,,,,,,,,,,,,,,,,,,,,,,,,,,,,,,,,,,,,,,,,,,,,,,,,,,,,,,,,,,,,,,,,,,,,,,,,,
E0,20/03/2027,,Nott'm Forest,Aston Villa,,,,,,,,,,,,,,,,,,,,,,,,,,,,,,,,,,,,,,,,,,,,,,,,,,,,,,,,,,,,,,,,,,,,,,,,,,,,,,,,,,,,,,,,,,,,,,,,,,,,,,,,,,,,,,,,
E0,20/03/2027,,Newcastle,Leeds,,,,,,,,,,,,,,,,,,,,,,,,,,,,,,,,,,,,,,,,,,,,,,,,,,,,,,,,,,,,,,,,,,,,,,,,,,,,,,,,,,,,,,,,,,,,,,,,,,,,,,,,,,,,,,,,
E0,20/03/2027,,Man City,Man United,,,,,,,,,,,,,,,,,,,,,,,,,,,,,,,,,,,,,,,,,,,,,,,,,,,,,,,,,,,,,,,,,,,,,,,,,,,,,,,,,,,,,,,,,,,,,,,,,,,,,,,,,,,,,,,,
E0,20/03/2027,,Ipswich,Crystal Palace,,,,,,,,,,,,,,,,,,,,,,,,,,,,,,,,,,,,,,,,,,,,,,,,,,,,,,,,,,,,,,,,,,,,,,,,,,,,,,,,,,,,,,,,,,,,,,,,,,,,,,,,,,,,,,,,
E0,20/03/2027,,Hull,Chelsea,,,,,,,,,,,,,,,,,,,,,,,,,,,,,,,,,,,,,,,,,,,,,,,,,,,,,,,,,,,,,,,,,,,,,,,,,,,,,,,,,,,,,,,,,,,,,,,,,,,,,,,,,,,,,,,,
E0,20/03/2027,,Everton,Tottenham,,,,,,,,,,,,,,,,,,,,,,,,,,,,,,,,,,,,,,,,,,,,,,,,,,,,,,,,,,,,,,,,,,,,,,,,,,,,,,,,,,,,,,,,,,,,,,,,,,,,,,,,,,,,,,,,
E0,20/03/2027,,Brighton,Coventry,,,,,,,,,,,,,,,,,,,,,,,,,,,,,,,,,,,,,,,,,,,,,,,,,,,,,,,,,,,,,,,,,,,,,,,,,,,,,,,,,,,,,,,,,,,,,,,,,,,,,,,,,,,,,,,,
E0,20/03/2027,,Brentford,Bournemouth,,,,,,,,,,,,,,,,,,,,,,,,,,,,,,,,,,,,,,,,,,,,,,,,,,,,,,,,,,,,,,,,,,,,,,,,,,,,,,,,,,,,,,,,,,,,,,,,,,,,,,,,,,,,,,,,
E0,20/03/2027,,Arsenal,Sunderland,,,,,,,,,,,,,,,,,,,,,,,,,,,,,,,,,,,,,,,,,,,,,,,,,,,,,,,,,,,,,,,,,,,,,,,,,,,,,,,,,,,,,,,,,,,,,,,,,,,,,,,,,,,,,,,,
E0,20/03/2027,,Fulham,Liverpool,,,,,,,,,,,,,,,,,,,,,,,,,,,,,,,,,,,,,,,,,,,,,,,,,,,,,,,,,,,,,,,,,,,,,,,,,,,,,,,,,,,,,,,,,,,,,,,,,,,,,,,,,,,,,,,,
E0,10/04/2027,,Liverpool,Newcastle,,,,,,,,,,,,,,,,,,,,,,,,,,,,,,,,,,,,,,,,,,,,,,,,,,,,,,,,,,,,,,,,,,,,,,,,,,,,,,,,,,,,,,,,,,,,,,,,,,,,,,,,,,,,,,,,
E0,10/04/2027,,Tottenham,Brentford,,,,,,,,,,,,,,,,,,,,,,,,,,,,,,,,,,,,,,,,,,,,,,,,,,,,,,,,,,,,,,,,,,,,,,,,,,,,,,,,,,,,,,,,,,,,,,,,,,,,,,,,,,,,,,,,
E0,10/04/2027,,Sunderland,Ipswich,,,,,,,,,,,,,,,,,,,,,,,,,,,,,,,,,,,,,,,,,,,,,,,,,,,,,,,,,,,,,,,,,,,,,,,,,,,,,,,,,,,,,,,,,,,,,,,,,,,,,,,,,,,,,,,,
E0,10/04/2027,,Man United,Hull,,,,,,,,,,,,,,,,,,,,,,,,,,,,,,,,,,,,,,,,,,,,,,,,,,,,,,,,,,,,,,,,,,,,,,,,,,,,,,,,,,,,,,,,,,,,,,,,,,,,,,,,,,,,,,,,
E0,10/04/2027,,Leeds,Nott'm Forest,,,,,,,,,,,,,,,,,,,,,,,,,,,,,,,,,,,,,,,,,,,,,,,,,,,,,,,,,,,,,,,,,,,,,,,,,,,,,,,,,,,,,,,,,,,,,,,,,,,,,,,,,,,,,,,,
E0,10/04/2027,,Bournemouth,Man City,,,,,,,,,,,,,,,,,,,,,,,,,,,,,,,,,,,,,,,,,,,,,,,,,,,,,,,,,,,,,,,,,,,,,,,,,,,,,,,,,,,,,,,,,,,,,,,,,,,,,,,,,,,,,,,,
E0,10/04/2027,,Coventry,Arsenal,,,,,,,,,,,,,,,,,,,,,,,,,,,,,,,,,,,,,,,,,,,,,,,,,,,,,,,,,,,,,,,,,,,,,,,,,,,,,,,,,,,,,,,,,,,,,,,,,,,,,,,,,,,,,,,,
E0,10/04/2027,,Chelsea,Fulham,,,,,,,,,,,,,,,,,,,,,,,,,,,,,,,,,,,,,,,,,,,,,,,,,,,,,,,,,,,,,,,,,,,,,,,,,,,,,,,,,,,,,,,,,,,,,,,,,,,,,,,,,,,,,,,,
E0,10/04/2027,,Aston Villa,Brighton,,,,,,,,,,,,,,,,,,,,,,,,,,,,,,,,,,,,,,,,,,,,,,,,,,,,,,,,,,,,,,,,,,,,,,,,,,,,,,,,,,,,,,,,,,,,,,,,,,,,,,,,,,,,,,,,
E0,10/04/2027,,Crystal Palace,Everton,,,,,,,,,,,,,,,,,,,,,,,,,,,,,,,,,,,,,,,,,,,,,,,,,,,,,,,,,,,,,,,,,,,,,,,,,,,,,,,,,,,,,,,,,,,,,,,,,,,,,,,,,,,,,,,,
E0,17/04/2027,,Ipswich,Man United,,,,,,,,,,,,,,,,,,,,,,,,,,,,,,,,,,,,,,,,,,,,,,,,,,,,,,,,,,,,,,,,,,,,,,,,,,,,,,,,,,,,,,,,,,,,,,,,,,,,,,,,,,,,,,,,
E0,17/04/2027,,Nott'm Forest,Liverpool,,,,,,,,,,,,,,,,,,,,,,,,,,,,,,,,,,,,,,,,,,,,,,,,,,,,,,,,,,,,,,,,,,,,,,,,,,,,,,,,,,,,,,,,,,,,,,,,,,,,,,,,,,,,,,,,
E0,17/04/2027,,Newcastle,Tottenham,,,,,,,,,,,,,,,,,,,,,,,,,,,,,,,,,,,,,,,,,,,,,,,,,,,,,,,,,,,,,,,,,,,,,,,,,,,,,,,,,,,,,,,,,,,,,,,,,,,,,,,,,,,,,,,,
E0,17/04/2027,,Man City,Crystal Palace,,,,,,,,,,,,,,,,,,,,,,,,,,,,,,,,,,,,,,,,,,,,,,,,,,,,,,,,,,,,,,,,,,,,,,,,,,,,,,,,,,,,,,,,,,,,,,,,,,,,,,,,,,,,,,,,
E0,17/04/2027,,Hull,Coventry,,,,,,,,,,,,,,,,,,,,,,,,,,,,,,,,,,,,,,,,,,,,,,,,,,,,,,,,,,,,,,,,,,,,,,,,,,,,,,,,,,,,,,,,,,,,,,,,,,,,,,,,,,,,,,,,
E0,17/04/2027,,Arsenal,Aston Villa,,,,,,,,,,,,,,,,,,,,,,,,,,,,,,,,,,,,,,,,,,,,,,,,,,,,,,,,,,,,,,,,,,,,,,,,,,,,,,,,,,,,,,,,,,,,,,,,,,,,,,,,,,,,,,,,
E0,17/04/2027,,Everton,Bournemouth,,,,,,,,,,,,,,,,,,,,,,,,,,,,,,,,,,,,,,,,,,,,,,,,,,,,,,,,,,,,,,,,,,,,,,,,,,,,,,,,,,,,,,,,,,,,,,,,,,,,,,,,,,,,,,,,
E0,17/04/2027,,Brighton,Chelsea,,,,,,,,,,,,,,,,,,,,,,,,,,,,,,,,,,,,,,,,,,,,,,,,,,,,,,,,,,,,,,,,,,,,,,,,,,,,,,,,,,,,,,,,,,,,,,,,,,,,,,,,,,,,,,,,
E0,17/04/2027,,Brentford,Leeds,,,,,,,,,,,,,,,,,,,,,,,,,,,,,,,,,,,,,,,,,,,,,,,,,,,,,,,,,,,,,,,,,,,,,,,,,,,,,,,,,,,,,,,,,,,,,,,,,,,,,,,,,,,,,,,,
E0,17/04/2027,,Fulham,Sunderland,,,,,,,,,,,,,,,,,,,,,,,,,,,,,,,,,,,,,,,,,,,,,,,,,,,,,,,,,,,,,,,,,,,,,,,,,,,,,,,,,,,,,,,,,,,,,,,,,,,,,,,,,,,,,,,,
E0,24/04/2027,,Tottenham,Hull,,,,,,,,,,,,,,,,,,,,,,,,,,,,,,,,,,,,,,,,,,,,,,,,,,,,,,,,,,,,,,,,,,,,,,,,,,,,,,,,,,,,,,,,,,,,,,,,,,,,,,,,,,,,,,,,
E0,24/04/2027,,Nott'm Forest,Sunderland,,,,,,,,,,,,,,,,,,,,,,,,,,,,,,,,,,,,,,,,,,,,,,,,,,,,,,,,,,,,,,,,,,,,,,,,,,,,,,,,,,,,,,,,,,,,,,,,,,,,,,,,,,,,,,,,
E0,24/04/2027,,Newcastle,Ipswich,,,,,,,,,,,,,,,,,,,,,,,,,,,,,,,,,,,,,,,,,,,,,,,,,,,,,,,,,,,,,,,,,,,,,,,,,,,,,,,,,,,,,,,,,,,,,,,,,,,,,,,,,,,,,,,,
E0,24/04/2027,,Man United,Crystal Palace,,,,,,,,,,,,,,,,,,,,,,,,,,,,,,,,,,,,,,,,,,,,,,,,,,,,,,,,,,,,,,,,,,,,,,,,,,,,,,,,,,,,,,,,,,,,,,,,,,,,,,,,,,,,,,,,
E0,24/04/2027,,Leeds,Liverpool,,,,,,,,,,,,,,,,,,,,,,,,,,,,,,,,,,,,,,,,,,,,,,,,,,,,,,,,,,,,,,,,,,,,,,,,,,,,,,,,,,,,,,,,,,,,,,,,,,,,,,,,,,,,,,,,
E0,24/04/2027,,Chelsea,Man City,,,,,,,,,,,,,,,,,,,,,,,,,,,,,,,,,,,,,,,,,,,,,,,,,,,,,,,,,,,,,,,,,,,,,,,,,,,,,,,,,,,,,,,,,,,,,,,,,,,,,,,,,,,,,,,,
E0,24/04/2027,,Brentford,Fulham,,,,,,,,,,,,,,,,,,,,,,,,,,,,,,,,,,,,,,,,,,,,,,,,,,,,,,,,,,,,,,,,,,,,,,,,,,,,,,,,,,,,,,,,,,,,,,,,,,,,,,,,,,,,,,,,
E0,24/04/2027,,Aston Villa,Coventry,,,,,,,,,,,,,,,,,,,,,,,,,,,,,,,,,,,,,,,,,,,,,,,,,,,,,,,,,,,,,,,,,,,,,,,,,,,,,,,,,,,,,,,,,,,,,,,,,,,,,,,,,,,,,,,,
E0,24/04/2027,,Bournemouth,Arsenal,,,,,,,,,,,,,,,,,,,,,,,,,,,,,,,,,,,,,,,,,,,,,,,,,,,,,,,,,,,,,,,,,,,,,,,,,,,,,,,,,,,,,,,,,,,,,,,,,,,,,,,,,,,,,,,,
E0,24/04/2027,,Everton,Brighton,,,,,,,,,,,,,,,,,,,,,,,,,,,,,,,,,,,,,,,,,,,,,,,,,,,,,,,,,,,,,,,,,,,,,,,,,,,,,,,,,,,,,,,,,,,,,,,,,,,,,,,,,,,,,,,,
E0,01/05/2027,,Ipswich,Leeds,,,,,,,,,,,,,,,,,,,,,,,,,,,,,,,,,,,,,,,,,,,,,,,,,,,,,,,,,,,,,,,,,,,,,,,,,,,,,,,,,,,,,,,,,,,,,,,,,,,,,,,,,,,,,,,,
E0,01/05/2027,,Man City,Brentford,,,,,,,,,,,,,,,,,,,,,,,,,,,,,,,,,,,,,,,,,,,,,,,,,,,,,,,,,,,,,,,,,,,,,,,,,,,,,,,,,,,,,,,,,,,,,,,,,,,,,,,,,,,,,,,,
E0,01/05/2027,,Liverpool,Chelsea,,,,,,,,,,,,,,,,,,,,,,,,,,,,,,,,,,,,,,,,,,,,,,,,,,,,,,,,,,,,,,,,,,,,,,,,,,,,,,,,,,,,,,,,,,,,,,,,,,,,,,,,,,,,,,,,
E0,01/05/2027,,Sunderland,Newcastle,,,,,,,,,,,,,,,,,,,,,,,,,,,,,,,,,,,,,,,,,,,,,,,,,,,,,,,,,,,,,,,,,,,,,,,,,,,,,,,,,,,,,,,,,,,,,,,,,,,,,,,,,,,,,,,,
E0,01/05/2027,,Hull,Bournemouth,,,,,,,,,,,,,,,,,,,,,,,,,,,,,,,,,,,,,,,,,,,,,,,,,,,,,,,,,,,,,,,,,,,,,,,,,,,,,,,,,,,,,,,,,,,,,,,,,,,,,,,,,,,,,,,,
E0,01/05/2027,,Coventry,Man United,,,,,,,,,,,,,,,,,,,,,,,,,,,,,,,,,,,,,,,,,,,,,,,,,,,,,,,,,,,,,,,,,,,,,,,,,,,,,,,,,,,,,,,,,,,,,,,,,,,,,,,,,,,,,,,,
E0,01/05/2027,,Crystal Palace,Aston Villa,,,,,,,,,,,,,,,,,,,,,,,,,,,,,,,,,,,,,,,,,,,,,,,,,,,,,,,,,,,,,,,,,,,,,,,,,,,,,,,,,,,,,,,,,,,,,,,,,,,,,,,,,,,,,,,,
E0,01/05/2027,,Brighton,Nott'm Forest,,,,,,,,,,,,,,,,,,,,,,,,,,,,,,,,,,,,,,,,,,,,,,,,,,,,,,,,,,,,,,,,,,,,,,,,,,,,,,,,,,,,,,,,,,,,,,,,,,,,,,,,,,,,,,,,
E0,01/05/2027,,Arsenal,Tottenham,,,,,,,,,,,,,,,,,,,,,,,,,,,,,,,,,,,,,,,,,,,,,,,,,,,,,,,,,,,,,,,,,,,,,,,,,,,,,,,,,,,,,,,,,,,,,,,,,,,,,,,,,,,,,,,,
E0,01/05/2027,,Fulham,Everton,,,,,,,,,,,,,,,,,,,,,,,,,,,,,,,,,,,,,,,,,,,,,,,,,,,,,,,,,,,,,,,,,,,,,,,,,,,,,,,,,,,,,,,,,,,,,,,,,,,,,,,,,,,,,,,,
E0,08/05/2027,,Man City,Liverpool,,,,,,,,,,,,,,,,,,,,,,,,,,,,,,,,,,,,,,,,,,,,,,,,,,,,,,,,,,,,,,,,,,,,,,,,,,,,,,,,,,,,,,,,,,,,,,,,,,,,,,,,,,,,,,,,
E0,08/05/2027,,Tottenham,Chelsea,,,,,,,,,,,,,,,,,,,,,,,,,,,,,,,,,,,,,,,,,,,,,,,,,,,,,,,,,,,,,,,,,,,,,,,,,,,,,,,,,,,,,,,,,,,,,,,,,,,,,,,,,,,,,,,,
E0,08/05/2027,,Nott'm Forest,Crystal Palace,,,,,,,,,,,,,,,,,,,,,,,,,,,,,,,,,,,,,,,,,,,,,,,,,,,,,,,,,,,,,,,,,,,,,,,,,,,,,,,,,,,,,,,,,,,,,,,,,,,,,,,,,,,,,,,,
E0,08/05/2027,,Newcastle,Coventry,,,,,,,,,,,,,,,,,,,,,,,,,,,,,,,,,,,,,,,,,,,,,,,,,,,,,,,,,,,,,,,,,,,,,,,,,,,,,,,,,,,,,,,,,,,,,,,,,,,,,,,,,,,,,,,,
E0,08/05/2027,,Leeds,Arsenal,,,,,,,,,,,,,,,,,,,,,,,,,,,,,,,,,,,,,,,,,,,,,,,,,,,,,,,,,,,,,,,,,,,,,,,,,,,,,,,,,,,,,,,,,,,,,,,,,,,,,,,,,,,,,,,,
E0,08/05/2027,,Fulham,Ipswich,,,,,,,,,,,,,,,,,,,,,,,,,,,,,,,,,,,,,,,,,,,,,,,,,,,,,,,,,,,,,,,,,,,,,,,,,,,,,,,,,,,,,,,,,,,,,,,,,,,,,,,,,,,,,,,,
E0,08/05/2027,,Everton,Hull,,,,,,,,,,,,,,,,,,,,,,,,,,,,,,,,,,,,,,,,,,,,,,,,,,,,,,,,,,,,,,,,,,,,,,,,,,,,,,,,,,,,,,,,,,,,,,,,,,,,,,,,,,,,,,,,
E0,08/05/2027,,Brighton,Sunderland,,,,,,,,,,,,,,,,,,,,,,,,,,,,,,,,,,,,,,,,,,,,,,,,,,,,,,,,,,,,,,,,,,,,,,,,,,,,,,,,,,,,,,,,,,,,,,,,,,,,,,,,,,,,,,,,
E0,08/05/2027,,Brentford,Aston Villa,,,,,,,,,,,,,,,,,,,,,,,,,,,,,,,,,,,,,,,,,,,,,,,,,,,,,,,,,,,,,,,,,,,,,,,,,,,,,,,,,,,,,,,,,,,,,,,,,,,,,,,,,,,,,,,,
E0,08/05/2027,,Bournemouth,Man United,,,,,,,,,,,,,,,,,,,,,,,,,,,,,,,,,,,,,,,,,,,,,,,,,,,,,,,,,,,,,,,,,,,,,,,,,,,,,,,,,,,,,,,,,,,,,,,,,,,,,,,,,,,,,,,,
E0,15/05/2027,,Man United,Leeds,,,,,,,,,,,,,,,,,,,,,,,,,,,,,,,,,,,,,,,,,,,,,,,,,,,,,,,,,,,,,,,,,,,,,,,,,,,,,,,,,,,,,,,,,,,,,,,,,,,,,,,,,,,,,,,,
E0,15/05/2027,,Sunderland,Bournemouth,,,,,,,,,,,,,,,,,,,,,,,,,,,,,,,,,,,,,,,,,,,,,,,,,,,,,,,,,,,,,,,,,,,,,,,,,,,,,,,,,,,,,,,,,,,,,,,,,,,,,,,,,,,,,,,,
E0,15/05/2027,,Ipswich,Man City,,,,,,,,,,,,,,,,,,,,,,,,,,,,,,,,,,,,,,,,,,,,,,,,,,,,,,,,,,,,,,,,,,,,,,,,,,,,,,,,,,,,,,,,,,,,,,,,,,,,,,,,,,,,,,,,
E0,15/05/2027,,Hull,Fulham,,,,,,,,,,,,,,,,,,,,,,,,,,,,,,,,,,,,,,,,,,,,,,,,,,,,,,,,,,,,,,,,,,,,,,,,,,,,,,,,,,,,,,,,,,,,,,,,,,,,,,,,,,,,,,,,
E0,15/05/2027,,Liverpool,Brentford,,,,,,,,,,,,,,,,,,,,,,,,,,,,,,,,,,,,,,,,,,,,,,,,,,,,,,,,,,,,,,,,,,,,,,,,,,,,,,,,,,,,,,,,,,,,,,,,,,,,,,,,,,,,,,,,
E0,15/05/2027,,Coventry,Tottenham,,,,,,,,,,,,,,,,,,,,,,,,,,,,,,,,,,,,,,,,,,,,,,,,,,,,,,,,,,,,,,,,,,,,,,,,,,,,,,,,,,,,,,,,,,,,,,,,,,,,,,,,,,,,,,,,
E0,15/05/2027,,Chelsea,Everton,,,,,,,,,,,,,,,,,,,,,,,,,,,,,,,,,,,,,,,,,,,,,,,,,,,,,,,,,,,,,,,,,,,,,,,,,,,,,,,,,,,,,,,,,,,,,,,,,,,,,,,,,,,,,,,,
E0,15/05/2027,,Aston Villa,Newcastle,,,,,,,,,,,,,,,,,,,,,,,,,,,,,,,,,,,,,,,,,,,,,,,,,,,,,,,,,,,,,,,,,,,,,,,,,,,,,,,,,,,,,,,,,,,,,,,,,,,,,,,,,,,,,,,,
E0,15/05/2027,,Arsenal,Nott'm Forest,,,,,,,,,,,,,,,,,,,,,,,,,,,,,,,,,,,,,,,,,,,,,,,,,,,,,,,,,,,,,,,,,,,,,,,,,,,,,,,,,,,,,,,,,,,,,,,,,,,,,,,,,,,,,,,,
E0,15/05/2027,,Crystal Palace,Brighton,,,,,,,,,,,,,,,,,,,,,,,,,,,,,,,,,,,,,,,,,,,,,,,,,,,,,,,,,,,,,,,,,,,,,,,,,,,,,,,,,,,,,,,,,,,,,,,,,,,,,,,,,,,,,,,,
E0,23/05/2027,,Tottenham,Man United,,,,,,,,,,,,,,,,,,,,,,,,,,,,,,,,,,,,,,,,,,,,,,,,,,,,,,,,,,,,,,,,,,,,,,,,,,,,,,,,,,,,,,,,,,,,,,,,,,,,,,,,,,,,,,,,
E0,23/05/2027,,Nott'm Forest,Ipswich,,,,,,,,,,,,,,,,,,,,,,,,,,,,,,,,,,,,,,,,,,,,,,,,,,,,,,,,,,,,,,,,,,,,,,,,,,,,,,,,,,,,,,,,,,,,,,,,,,,,,,,,,,,,,,,,
E0,23/05/2027,,Man City,Aston Villa,,,,,,,,,,,,,,,,,,,,,,,,,,,,,,,,,,,,,,,,,,,,,,,,,,,,,,,,,,,,,,,,,,,,,,,,,,,,,,,,,,,,,,,,,,,,,,,,,,,,,,,,,,,,,,,,
E0,23/05/2027,,Leeds,Sunderland,,,,,,,,,,,,,,,,,,,,,,,,,,,,,,,,,,,,,,,,,,,,,,,,,,,,,,,,,,,,,,,,,,,,,,,,,,,,,,,,,,,,,,,,,,,,,,,,,,,,,,,,,,,,,,,,
E0,23/05/2027,,Newcastle,Crystal Palace,,,,,,,,,,,,,,,,,,,,,,,,,,,,,,,,,,,,,,,,,,,,,,,,,,,,,,,,,,,,,,,,,,,,,,,,,,,,,,,,,,,,,,,,,,,,,,,,,,,,,,,,,,,,,,,,
E0,23/05/2027,,Everton,Arsenal,,,,,,,,,,,,,,,,,,,,,,,,,,,,,,,,,,,,,,,,,,,,,,,,,,,,,,,,,,,,,,,,,,,,,,,,,,,,,,,,,,,,,,,,,,,,,,,,,,,,,,,,,,,,,,,,
E0,23/05/2027,,Brighton,Liverpool,,,,,,,,,,,,,,,,,,,,,,,,,,,,,,,,,,,,,,,,,,,,,,,,,,,,,,,,,,,,,,,,,,,,,,,,,,,,,,,,,,,,,,,,,,,,,,,,,,,,,,,,,,,,,,,,
E0,23/05/2027,,Brentford,Hull,,,,,,,,,,,,,,,,,,,,,,,,,,,,,,,,,,,,,,,,,,,,,,,,,,,,,,,,,,,,,,,,,,,,,,,,,,,,,,,,,,,,,,,,,,,,,,,,,,,,,,,,,,,,,,,,
E0,23/05/2027,,Bournemouth,Chelsea,,,,,,,,,,,,,,,,,,,,,,,,,,,,,,,,,,,,,,,,,,,,,,,,,,,,,,,,,,,,,,,,,,,,,,,,,,,,,,,,,,,,,,,,,,,,,,,,,,,,,,,,,,,,,,,,
E0,23/05/2027,,Fulham,Coventry,,,,,,,,,,,,,,,,,,,,,,,,,,,,,,,,,,,,,,,,,,,,,,,,,,,,,,,,,,,,,,,,,,,,,,,,,,,,,,,,,,,,,,,,,,,,,,,,,,,,,,,,,,,,,,,,
E0,30/05/2027,,Man United,Fulham,,,,,,,,,,,,,,,,,,,,,,,,,,,,,,,,,,,,,,,,,,,,,,,,,,,,,,,,,,,,,,,,,,,,,,,,,,,,,,,,,,,,,,,,,,,,,,,,,,,,,,,,,,,,,,,,
E0,30/05/2027,,Chelsea,Brentford,,,,,,,,,,,,,,,,,,,,,,,,,,,,,,,,,,,,,,,,,,,,,,,,,,,,,,,,,,,,,,,,,,,,,,,,,,,,,,,,,,,,,,,,,,,,,,,,,,,,,,,,,,,,,,,,
E0,30/05/2027,,Coventry,Nott'm Forest,,,,,,,,,,,,,,,,,,,,,,,,,,,,,,,,,,,,,,,,,,,,,,,,,,,,,,,,,,,,,,,,,,,,,,,,,,,,,,,,,,,,,,,,,,,,,,,,,,,,,,,,,,,,,,,,
E0,30/05/2027,,Crystal Palace,Leeds,,,,,,,,,,,,,,,,,,,,,,,,,,,,,,,,,,,,,,,,,,,,,,,,,,,,,,,,,,,,,,,,,,,,,,,,,,,,,,,,,,,,,,,,,,,,,,,,,,,,,,,,,,,,,,,,
E0,30/05/2027,,Aston Villa,Tottenham,,,,,,,,,,,,,,,,,,,,,,,,,,,,,,,,,,,,,,,,,,,,,,,,,,,,,,,,,,,,,,,,,,,,,,,,,,,,,,,,,,,,,,,,,,,,,,,,,,,,,,,,,,,,,,,,
E0,30/05/2027,,Arsenal,Brighton,,,,,,,,,,,,,,,,,,,,,,,,,,,,,,,,,,,,,,,,,,,,,,,,,,,,,,,,,,,,,,,,,,,,,,,,,,,,,,,,,,,,,,,,,,,,,,,,,,,,,,,,,,,,,,,,
E0,30/05/2027,,Hull,Newcastle,,,,,,,,,,,,,,,,,,,,,,,,,,,,,,,,,,,,,,,,,,,,,,,,,,,,,,,,,,,,,,,,,,,,,,,,,,,,,,,,,,,,,,,,,,,,,,,,,,,,,,,,,,,,,,,,
E0,30/05/2027,,Ipswich,Everton,,,,,,,,,,,,,,,,,,,,,,,,,,,,,,,,,,,,,,,,,,,,,,,,,,,,,,,,,,,,,,,,,,,,,,,,,,,,,,,,,,,,,,,,,,,,,,,,,,,,,,,,,,,,,,,,
E0,30/05/2027,,Liverpool,Bournemouth,,,,,,,,,,,,,,,,,,,,,,,,,,,,,,,,,,,,,,,,,,,,,,,,,,,,,,,,,,,,,,,,,,,,,,,,,,,,,,,,,,,,,,,,,,,,,,,,,,,,,,,,,,,,,,,,
E0,30/05/2027,,Sunderland,Man City,,,,,,,,,,,,,,,,,,,,,,,,,,,,,,,,,,,,,,,,,,,,,,,,,,,,,,,,,,,,,,,,,,,,,,,,,,,,,,,,,,,,,,,,,,,,,,,,,,,,,,,,,,,,,,,,
